,time,link
60,,https://crowdworks.jp/public/jobs/2812351
61,,https://crowdworks.jp/public/jobs/2812352
62,,https://crowdworks.jp/public/jobs/2812345
63,,https://crowdworks.jp/public/jobs/2812342
64,,https://crowdworks.jp/public/jobs/2812338
65,,https://crowdworks.jp/public/jobs/2812334
66,,https://crowdworks.jp/public/jobs/2812321
67,,https://crowdworks.jp/public/jobs/2812305
68,,https://crowdworks.jp/public/jobs/2812300
69,,https://crowdworks.jp/public/jobs/2812297
72,,https://crowdworks.jp/public/jobs/2812293
73,,https://crowdworks.jp/public/jobs/2812291
74,,https://crowdworks.jp/public/jobs/2812254
75,,https://crowdworks.jp/public/jobs/2812247
76,,https://crowdworks.jp/public/jobs/2812246
77,,https://crowdworks.jp/public/jobs/2812244
78,,https://crowdworks.jp/public/jobs/2812236
79,,https://crowdworks.jp/public/jobs/2812224
80,,https://crowdworks.jp/public/jobs/2629636
81,,https://crowdworks.jp/public/jobs/2812168
83,,https://crowdworks.jp/public/jobs/2812172
84,,https://crowdworks.jp/public/jobs/2812161
85,,https://crowdworks.jp/public/jobs/2812178
86,,https://crowdworks.jp/public/jobs/2812091
87,,https://crowdworks.jp/public/jobs/2812036
88,,https://crowdworks.jp/public/jobs/2812198
89,,https://crowdworks.jp/public/jobs/2812196
90,,https://crowdworks.jp/public/jobs/2812192
91,,https://crowdworks.jp/public/jobs/2812191
92,,https://crowdworks.jp/public/jobs/2812189
93,,https://crowdworks.jp/public/jobs/2812186
94,,https://crowdworks.jp/public/jobs/2808910
95,,https://crowdworks.jp/public/jobs/2812155
96,,https://crowdworks.jp/public/jobs/2812144
97,,https://crowdworks.jp/public/jobs/2812142
98,,https://crowdworks.jp/public/jobs/2812128
99,,https://crowdworks.jp/public/jobs/2812125
100,,https://crowdworks.jp/public/jobs/2812123
101,,https://crowdworks.jp/public/jobs/2812116
102,,https://crowdworks.jp/public/jobs/2812119
103,,https://crowdworks.jp/public/jobs/2812109
104,,https://crowdworks.jp/public/jobs/2812108
105,,https://crowdworks.jp/public/jobs/2812101
106,,https://crowdworks.jp/public/jobs/2812082
107,,https://crowdworks.jp/public/jobs/2812029
108,,https://crowdworks.jp/public/jobs/2811952
109,,https://crowdworks.jp/public/jobs/2811678
110,,https://crowdworks.jp/public/jobs/2811696
111,,https://crowdworks.jp/public/jobs/2811685
112,,https://crowdworks.jp/public/jobs/2811768
113,,https://crowdworks.jp/public/jobs/research?category_id=267&ref=native_ad
117,,https://crowdworks.jp/public/jobs/2812023
118,,https://crowdworks.jp/public/jobs/2812022
119,,https://crowdworks.jp/public/jobs/2812020
120,,https://crowdworks.jp/public/jobs/2812016
121,,https://crowdworks.jp/public/jobs/2811560
122,,https://crowdworks.jp/public/jobs/2811559
123,,https://crowdworks.jp/public/jobs/2811557
124,,https://crowdworks.jp/public/jobs/2811555
125,,https://crowdworks.jp/public/jobs/2811536
126,,https://crowdworks.jp/public/jobs/2811543
129,,https://crowdworks.jp/public/jobs/2811545
130,,https://crowdworks.jp/public/jobs/2811542
131,,https://crowdworks.jp/public/jobs/2811549
132,,https://crowdworks.jp/public/jobs/2811547
133,,https://crowdworks.jp/public/jobs/2811450
134,,https://crowdworks.jp/public/jobs/2811503
135,,https://crowdworks.jp/public/jobs/2811474
136,,https://crowdworks.jp/public/jobs/2811207
137,,https://crowdworks.jp/public/jobs/2812013
138,,https://crowdworks.jp/public/jobs/2811085
140,,https://crowdworks.jp/public/jobs/2811014
141,,https://crowdworks.jp/public/jobs/2810952
142,,https://crowdworks.jp/public/jobs/2810766
143,,https://crowdworks.jp/public/jobs/2810870
144,,https://crowdworks.jp/public/jobs/2810642
145,,https://crowdworks.jp/public/jobs/2810643
146,,https://crowdworks.jp/public/jobs/2806296
147,,https://crowdworks.jp/public/jobs/2769301
148,,https://crowdworks.jp/public/jobs/2796760
149,,https://crowdworks.jp/public/jobs/2336818
150,,https://crowdworks.jp/public/jobs/2811999
151,,https://crowdworks.jp/public/jobs/2811988
152,,https://crowdworks.jp/public/jobs/2811973
153,,https://crowdworks.jp/public/jobs/2811882
154,,https://crowdworks.jp/public/jobs/2811873
155,,https://crowdworks.jp/public/jobs/2811872
156,,https://crowdworks.jp/public/jobs/2811869
157,,https://crowdworks.jp/public/jobs/2811788
158,,https://crowdworks.jp/public/jobs/2708864
159,,https://crowdworks.jp/public/jobs/2811773
160,,https://crowdworks.jp/public/jobs/2811769
161,,https://crowdworks.jp/public/jobs/2811722
162,,https://crowdworks.jp/public/jobs/2811715
163,,https://crowdworks.jp/public/jobs/2811674
164,,https://crowdworks.jp/public/jobs/2779854
165,,https://crowdworks.jp/public/jobs/2785099
166,,https://crowdworks.jp/public/jobs/2811553
167,,https://crowdworks.jp/public/jobs/2811514
168,,https://crowdworks.jp/public/jobs/2164601
169,,https://crowdworks.jp/public/jobs/2182672
173,,https://crowdworks.jp/public/jobs/2182680
174,,https://crowdworks.jp/public/jobs/2811457
175,,https://crowdworks.jp/public/jobs/2811417
176,,https://crowdworks.jp/public/jobs/2811414
177,,https://crowdworks.jp/public/jobs/2811413
178,,https://crowdworks.jp/public/jobs/2811406
179,,https://crowdworks.jp/public/jobs/2811399
180,,https://crowdworks.jp/public/jobs/2811347
181,,https://crowdworks.jp/public/jobs/2811340
182,,https://crowdworks.jp/public/jobs/2811321
185,,https://crowdworks.jp/public/jobs/2811316
186,,https://crowdworks.jp/public/jobs/2811315
187,,https://crowdworks.jp/public/jobs/2811297
188,,https://crowdworks.jp/public/jobs/2811284
189,,https://crowdworks.jp/public/jobs/2787660
190,,https://crowdworks.jp/public/jobs/2811260
191,,https://crowdworks.jp/public/jobs/2811241
192,,https://crowdworks.jp/public/jobs/2787646
193,,https://crowdworks.jp/public/jobs/2811213
194,,https://crowdworks.jp/public/jobs/2811165
196,,https://crowdworks.jp/public/jobs/2811159
197,,https://crowdworks.jp/public/jobs/2811143
198,,https://crowdworks.jp/public/jobs/2811106
199,,https://crowdworks.jp/public/jobs/2811092
200,,https://crowdworks.jp/public/jobs/2811090
201,,https://crowdworks.jp/public/jobs/2810887
202,,https://crowdworks.jp/public/jobs/2684225
203,,https://crowdworks.jp/public/jobs/2779536
204,,https://crowdworks.jp/public/jobs/2811048
205,,https://crowdworks.jp/public/jobs/2811027
206,,https://crowdworks.jp/public/jobs/2656461
207,,https://crowdworks.jp/public/jobs/2810905
208,,https://crowdworks.jp/public/jobs/2810814
209,,https://crowdworks.jp/public/jobs/2810683
210,,https://crowdworks.jp/public/jobs/2810254
211,,https://crowdworks.jp/public/jobs/2810266
212,,https://crowdworks.jp/public/jobs/2810148
213,,https://crowdworks.jp/public/jobs/2810156
214,,https://crowdworks.jp/public/jobs/2810174
215,,https://crowdworks.jp/public/jobs/2810055
216,,https://crowdworks.jp/public/jobs/2810049
217,,https://crowdworks.jp/public/jobs/2810122
218,,https://crowdworks.jp/public/jobs/2810047
219,,https://crowdworks.jp/public/jobs/2809949
220,,https://crowdworks.jp/public/jobs/2809950
221,,https://crowdworks.jp/public/jobs/2809783
222,,https://crowdworks.jp/public/jobs/2809898
223,,https://crowdworks.jp/public/jobs/2809906
224,,https://crowdworks.jp/public/jobs/2809633
225,,https://crowdworks.jp/public/jobs/2809721
229,,https://crowdworks.jp/public/jobs/2809598
230,,https://crowdworks.jp/public/jobs/2809523
231,,https://crowdworks.jp/public/jobs/2809419
232,,https://crowdworks.jp/public/jobs/2809462
233,,https://crowdworks.jp/public/jobs/2809452
234,,https://crowdworks.jp/public/jobs/2809416
235,,https://crowdworks.jp/public/jobs/2791567
236,,https://crowdworks.jp/public/jobs/2810651
237,,https://crowdworks.jp/public/jobs/2810631
238,,https://crowdworks.jp/public/jobs/2810613
241,,https://crowdworks.jp/public/jobs/2810607
242,,https://crowdworks.jp/public/jobs/2810578
243,,https://crowdworks.jp/public/jobs/2810557
244,,https://crowdworks.jp/public/jobs/2809576
245,,https://crowdworks.jp/public/jobs/2809578
246,,https://crowdworks.jp/public/jobs/2809577
247,,https://crowdworks.jp/public/jobs/2809569
248,,https://crowdworks.jp/public/jobs/2809367
249,,https://crowdworks.jp/public/jobs/2809527
250,,https://crowdworks.jp/public/jobs/2782940
252,,https://crowdworks.jp/public/jobs/2809341
253,,https://crowdworks.jp/public/jobs/2778345
254,,https://crowdworks.jp/public/jobs/2778346
255,,https://crowdworks.jp/public/jobs/2778336
256,,https://crowdworks.jp/public/jobs/2778344
257,,https://crowdworks.jp/public/jobs/2773768
258,,https://crowdworks.jp/public/jobs/2773769
259,,https://crowdworks.jp/public/jobs/2773762
260,,https://crowdworks.jp/public/jobs/2773771
261,,https://crowdworks.jp/public/jobs/2771269
262,,https://crowdworks.jp/public/jobs/2771270
263,,https://crowdworks.jp/public/jobs/2759391
264,,https://crowdworks.jp/public/jobs/2759392
265,,https://crowdworks.jp/public/jobs/2771266
266,,https://crowdworks.jp/public/jobs/2771268
267,,https://crowdworks.jp/public/jobs/2755020
268,,https://crowdworks.jp/public/jobs/2759390
269,,https://crowdworks.jp/public/jobs/2751429
270,,https://crowdworks.jp/public/jobs/2755014
271,,https://crowdworks.jp/public/jobs/2759383
272,,https://crowdworks.jp/public/jobs/2755018
273,,https://crowdworks.jp/public/jobs/2747892
274,,https://crowdworks.jp/public/jobs/2746289
275,,https://crowdworks.jp/public/jobs/2737508
276,,https://crowdworks.jp/public/jobs/2723129
277,,https://crowdworks.jp/public/jobs/2726774
278,,https://crowdworks.jp/public/jobs/2726776
279,,https://crowdworks.jp/public/jobs/2726781
280,,https://crowdworks.jp/public/jobs/2724424
281,,https://crowdworks.jp/public/jobs/2720049
285,,https://crowdworks.jp/public/jobs/2720056
286,,https://crowdworks.jp/public/jobs/2810496
287,,https://crowdworks.jp/public/jobs/2810474
288,,https://crowdworks.jp/public/jobs/2810470
289,,https://crowdworks.jp/public/jobs/2810468
290,,https://crowdworks.jp/public/jobs/2810457
291,,https://crowdworks.jp/public/jobs/2810447
292,,https://crowdworks.jp/public/jobs/2810404
293,,https://crowdworks.jp/public/jobs/2810400
294,,https://crowdworks.jp/public/jobs/2810382
297,,https://crowdworks.jp/public/jobs/2810379
298,,https://crowdworks.jp/public/jobs/2810369
299,,https://crowdworks.jp/public/jobs/2810368
300,,https://crowdworks.jp/public/jobs/2810363
301,,https://crowdworks.jp/public/jobs/2810351
302,,https://crowdworks.jp/public/jobs/2810334
303,,https://crowdworks.jp/public/jobs/2810309
304,,https://crowdworks.jp/public/jobs/2810281
305,,https://crowdworks.jp/public/jobs/2810265
306,,https://crowdworks.jp/public/jobs/2810262
308,,https://crowdworks.jp/public/jobs/2810261
309,,https://crowdworks.jp/public/jobs/2810245
310,,https://crowdworks.jp/public/jobs/2810191
311,,https://crowdworks.jp/public/jobs/2810181
312,,https://crowdworks.jp/public/jobs/2810166
313,,https://crowdworks.jp/public/jobs/2810159
314,,https://crowdworks.jp/public/jobs/2810142
315,,https://crowdworks.jp/public/jobs/2810012
316,,https://crowdworks.jp/public/jobs/2810133
317,,https://crowdworks.jp/public/jobs/2810089
318,,https://crowdworks.jp/public/jobs/2810063
319,,https://crowdworks.jp/public/jobs/2810056
320,,https://crowdworks.jp/public/jobs/2810043
321,,https://crowdworks.jp/public/jobs/2810021
322,,https://crowdworks.jp/public/jobs/2810016
323,,https://crowdworks.jp/public/jobs/2810010
324,,https://crowdworks.jp/public/jobs/2810008
325,,https://crowdworks.jp/public/jobs/2810006
326,,https://crowdworks.jp/public/jobs/2809997
327,,https://crowdworks.jp/public/jobs/2809993
328,,https://crowdworks.jp/public/jobs/2809376
329,,https://crowdworks.jp/public/jobs/2809933
330,,https://crowdworks.jp/public/jobs/2809953
331,,https://crowdworks.jp/public/jobs/2809943
332,,https://crowdworks.jp/public/jobs/2809864
333,,https://crowdworks.jp/public/jobs/2809750
334,,https://crowdworks.jp/public/jobs/2700134
335,,https://crowdworks.jp/public/jobs/2452760
336,,https://crowdworks.jp/public/jobs/2683474
337,,https://crowdworks.jp/public/jobs/2673155
341,,https://crowdworks.jp/public/jobs/2061017
342,,https://crowdworks.jp/public/jobs/2809697
343,,https://crowdworks.jp/public/jobs/2809694
344,,https://crowdworks.jp/public/jobs/2809692
345,,https://crowdworks.jp/public/jobs/2809687
346,,https://crowdworks.jp/public/jobs/2627949
347,,https://crowdworks.jp/public/jobs/2809662
348,,https://crowdworks.jp/public/jobs/2809658
349,,https://crowdworks.jp/public/jobs/2809656
350,,https://crowdworks.jp/public/jobs/2809637
353,,https://crowdworks.jp/public/jobs/2809634
354,,https://crowdworks.jp/public/jobs/2809631
355,,https://crowdworks.jp/public/jobs/2809609
356,,https://crowdworks.jp/public/jobs/2809605
357,,https://crowdworks.jp/public/jobs/2809604
358,,https://crowdworks.jp/public/jobs/2809600
359,,https://crowdworks.jp/public/jobs/2809599
360,,https://crowdworks.jp/public/jobs/2809592
361,,https://crowdworks.jp/public/jobs/2809588
362,,https://crowdworks.jp/public/jobs/2809587
364,,https://crowdworks.jp/public/jobs/2809584
365,,https://crowdworks.jp/public/jobs/2809579
366,,https://crowdworks.jp/public/jobs/2809572
367,,https://crowdworks.jp/public/jobs/2809565
368,,https://crowdworks.jp/public/jobs/2809556
369,,https://crowdworks.jp/public/jobs/2809547
370,,https://crowdworks.jp/public/jobs/2809487
371,,https://crowdworks.jp/public/jobs/2809475
372,,https://crowdworks.jp/public/jobs/2809369
373,,https://crowdworks.jp/public/jobs/2809330
374,,https://crowdworks.jp/public/jobs/2809317
375,,https://crowdworks.jp/public/jobs/2809235
376,,https://crowdworks.jp/public/jobs/2809240
377,,https://crowdworks.jp/public/jobs/2809046
378,,https://crowdworks.jp/public/jobs/2808957
379,,https://crowdworks.jp/public/jobs/2809300
380,,https://crowdworks.jp/public/jobs/2809295
381,,https://crowdworks.jp/public/jobs/2809288
382,,https://crowdworks.jp/public/jobs/2759846
383,,https://crowdworks.jp/public/jobs/2809280
384,,https://crowdworks.jp/public/jobs/2809276
385,,https://crowdworks.jp/public/jobs/2809275
386,,https://crowdworks.jp/public/jobs/2809237
387,,https://crowdworks.jp/public/jobs/2689460
388,,https://crowdworks.jp/public/jobs/2804432
389,,https://crowdworks.jp/public/jobs/2809199
390,,https://crowdworks.jp/public/jobs/2809197
391,,https://crowdworks.jp/public/jobs/2809196
392,,https://crowdworks.jp/public/jobs/2809195
393,,https://crowdworks.jp/public/jobs/2809190
397,,https://crowdworks.jp/public/jobs/2809188
398,,https://crowdworks.jp/public/jobs/2809172
399,,https://crowdworks.jp/public/jobs/2809158
400,,https://crowdworks.jp/public/jobs/2809149
401,,https://crowdworks.jp/public/jobs/2809134
402,,https://crowdworks.jp/public/jobs/2809089
403,,https://crowdworks.jp/public/jobs/2809065
404,,https://crowdworks.jp/public/jobs/2805824
405,,https://crowdworks.jp/public/jobs/2809049
406,,https://crowdworks.jp/public/jobs/2809043
409,,https://crowdworks.jp/public/jobs/2809034
410,,https://crowdworks.jp/public/jobs/2809027
411,,https://crowdworks.jp/public/jobs/2809024
412,,https://crowdworks.jp/public/jobs/2809013
413,,https://crowdworks.jp/public/jobs/2809010
414,,https://crowdworks.jp/public/jobs/2809002
415,,https://crowdworks.jp/public/jobs/2808982
416,,https://crowdworks.jp/public/jobs/2808933
417,,https://crowdworks.jp/public/jobs/2808932
418,,https://crowdworks.jp/public/jobs/2808927
420,,https://crowdworks.jp/public/jobs/2808920
421,,https://crowdworks.jp/public/jobs/2808913
422,,https://crowdworks.jp/public/jobs/2601693
423,,https://crowdworks.jp/public/jobs/2790003
424,,https://crowdworks.jp/public/jobs/2808683
425,,https://crowdworks.jp/public/jobs/2808524
426,,https://crowdworks.jp/public/jobs/2808539
427,,https://crowdworks.jp/public/jobs/2808519
428,,https://crowdworks.jp/public/jobs/2808821
429,,https://crowdworks.jp/public/jobs/2808752
430,,https://crowdworks.jp/public/jobs/2808596
431,,https://crowdworks.jp/public/jobs/2808568
432,,https://crowdworks.jp/public/jobs/2808366
433,,https://crowdworks.jp/public/jobs/2808352
434,,https://crowdworks.jp/public/jobs/2808300
435,,https://crowdworks.jp/public/jobs/2808343
436,,https://crowdworks.jp/public/jobs/2808299
437,,https://crowdworks.jp/public/jobs/2808325
438,,https://crowdworks.jp/public/jobs/2808287
439,,https://crowdworks.jp/public/jobs/2808298
440,,https://crowdworks.jp/public/jobs/2808296
441,,https://crowdworks.jp/public/jobs/2808856
442,,https://crowdworks.jp/public/jobs/2808842
443,,https://crowdworks.jp/public/jobs/2808797
444,,https://crowdworks.jp/public/jobs/2808777
445,,https://crowdworks.jp/public/jobs/2808773
446,,https://crowdworks.jp/public/jobs/2808757
447,,https://crowdworks.jp/public/jobs/2808741
448,,https://crowdworks.jp/public/jobs/2808694
449,,https://crowdworks.jp/public/jobs/2808657
453,,https://crowdworks.jp/public/jobs/2808628
454,,https://crowdworks.jp/public/jobs/2808607
455,,https://crowdworks.jp/public/jobs/2808562
456,,https://crowdworks.jp/public/jobs/2808553
457,,https://crowdworks.jp/public/jobs/2808534
458,,https://crowdworks.jp/public/jobs/2808515
459,,https://crowdworks.jp/public/jobs/2808512
460,,https://crowdworks.jp/public/jobs/2808511
461,,https://crowdworks.jp/public/jobs/2808509
462,,https://crowdworks.jp/public/jobs/2808504
465,,https://crowdworks.jp/public/jobs/2808503
466,,https://crowdworks.jp/public/jobs/2808501
467,,https://crowdworks.jp/public/jobs/2808500
468,,https://crowdworks.jp/public/jobs/2808498
469,,https://crowdworks.jp/public/jobs/2808492
470,,https://crowdworks.jp/public/jobs/2808429
471,,https://crowdworks.jp/public/jobs/2584558
472,,https://crowdworks.jp/public/jobs/2808407
473,,https://crowdworks.jp/public/jobs/2808398
474,,https://crowdworks.jp/public/jobs/2808387
476,,https://crowdworks.jp/public/jobs/2808375
477,,https://crowdworks.jp/public/jobs/2808355
478,,https://crowdworks.jp/public/jobs/2773759
479,,https://crowdworks.jp/public/jobs/2773766
480,,https://crowdworks.jp/public/jobs/2773774
481,,https://crowdworks.jp/public/jobs/2792453
482,,https://crowdworks.jp/public/jobs/2808313
483,,https://crowdworks.jp/public/jobs/2808281
484,,https://crowdworks.jp/public/jobs/2808229
485,,https://crowdworks.jp/public/jobs/2808179
486,,https://crowdworks.jp/public/jobs/2808088
487,,https://crowdworks.jp/public/jobs/2808284
488,,https://crowdworks.jp/public/jobs/2808283
489,,https://crowdworks.jp/public/jobs/2808282
490,,https://crowdworks.jp/public/jobs/2807843
491,,https://crowdworks.jp/public/jobs/2807826
492,,https://crowdworks.jp/public/jobs/2807840
493,,https://crowdworks.jp/public/jobs/2807869
494,,https://crowdworks.jp/public/jobs/2807844
495,,https://crowdworks.jp/public/jobs/2807734
496,,https://crowdworks.jp/public/jobs/2807814
497,,https://crowdworks.jp/public/jobs/2807621
498,,https://crowdworks.jp/public/jobs/2807583
499,,https://crowdworks.jp/public/jobs/2807479
500,,https://crowdworks.jp/public/jobs/2807518
501,,https://crowdworks.jp/public/jobs/2807346
502,,https://crowdworks.jp/public/jobs/2807337
503,,https://crowdworks.jp/public/jobs/2807175
504,,https://crowdworks.jp/public/jobs/2807132
509,,https://crowdworks.jp/public/jobs/2807123
510,,https://crowdworks.jp/public/jobs/2806896
511,,https://crowdworks.jp/public/jobs/2806916
512,,https://crowdworks.jp/public/jobs/2806855
513,,https://crowdworks.jp/public/jobs/2774224
514,,https://crowdworks.jp/public/jobs/2782722
515,,https://crowdworks.jp/public/jobs/2774209
516,,https://crowdworks.jp/public/jobs/2774199
517,,https://crowdworks.jp/public/jobs/2808248
518,,https://crowdworks.jp/public/jobs/2807960
521,,https://crowdworks.jp/public/jobs/2808147
522,,https://crowdworks.jp/public/jobs/2808070
523,,https://crowdworks.jp/public/jobs/2808067
524,,https://crowdworks.jp/public/jobs/2807927
525,,https://crowdworks.jp/public/jobs/2807916
526,,https://crowdworks.jp/public/jobs/2791597
527,,https://crowdworks.jp/public/jobs/2807870
528,,https://crowdworks.jp/public/jobs/2807866
529,,https://crowdworks.jp/public/jobs/2807836
530,,https://crowdworks.jp/public/jobs/2097850
532,,https://crowdworks.jp/public/jobs/2097855
533,,https://crowdworks.jp/public/jobs/2167027
534,,https://crowdworks.jp/public/jobs/2807795
535,,https://crowdworks.jp/public/jobs/2807752
536,,https://crowdworks.jp/public/jobs/2807745
537,,https://crowdworks.jp/public/jobs/2807738
538,,https://crowdworks.jp/public/jobs/2807731
539,,https://crowdworks.jp/public/jobs/2807727
540,,https://crowdworks.jp/public/jobs/2807725
541,,https://crowdworks.jp/public/jobs/2807724
542,,https://crowdworks.jp/public/jobs/2714106
543,,https://crowdworks.jp/public/jobs/2714104
544,,https://crowdworks.jp/public/jobs/2714091
545,,https://crowdworks.jp/public/jobs/2807641
546,,https://crowdworks.jp/public/jobs/2807639
547,,https://crowdworks.jp/public/jobs/2807626
548,,https://crowdworks.jp/public/jobs/2807617
549,,https://crowdworks.jp/public/jobs/2807607
550,,https://crowdworks.jp/public/jobs/2807603
551,,https://crowdworks.jp/public/jobs/2807591
552,,https://crowdworks.jp/public/jobs/2807541
553,,https://crowdworks.jp/public/jobs/2807514
554,,https://crowdworks.jp/public/jobs/2807513
555,,https://crowdworks.jp/public/jobs/2807508
556,,https://crowdworks.jp/public/jobs/2807461
557,,https://crowdworks.jp/public/jobs/2807458
558,,https://crowdworks.jp/public/jobs/2778031
559,,https://crowdworks.jp/public/jobs/2778026
560,,https://crowdworks.jp/public/jobs/2807423
561,,https://crowdworks.jp/public/jobs/2405807
565,,https://crowdworks.jp/public/jobs/2807392
566,,https://crowdworks.jp/public/jobs/2807387
567,,https://crowdworks.jp/public/jobs/2359356
568,,https://crowdworks.jp/public/jobs/2746103
569,,https://crowdworks.jp/public/jobs/2807152
570,,https://crowdworks.jp/public/jobs/2807138
571,,https://crowdworks.jp/public/jobs/2807128
572,,https://crowdworks.jp/public/jobs/2784643
573,,https://crowdworks.jp/public/jobs/2807070
574,,https://crowdworks.jp/public/jobs/2806931
577,,https://crowdworks.jp/public/jobs/2059232
578,,https://crowdworks.jp/public/jobs/2239203
579,,https://crowdworks.jp/public/jobs/2587872
580,,https://crowdworks.jp/public/jobs/2717836
581,,https://crowdworks.jp/public/jobs/2806865
582,,https://crowdworks.jp/public/jobs/2806836
583,,https://crowdworks.jp/public/jobs/2806829
584,,https://crowdworks.jp/public/jobs/2806827
585,,https://crowdworks.jp/public/jobs/2806822
586,,https://crowdworks.jp/public/jobs/2806809
588,,https://crowdworks.jp/public/jobs/2806757
589,,https://crowdworks.jp/public/jobs/2806736
590,,https://crowdworks.jp/public/jobs/2806688
591,,https://crowdworks.jp/public/jobs/2806583
592,,https://crowdworks.jp/public/jobs/2806588
593,,https://crowdworks.jp/public/jobs/2806602
594,,https://crowdworks.jp/public/jobs/2806527
595,,https://crowdworks.jp/public/jobs/2806484
596,,https://crowdworks.jp/public/jobs/2806492
597,,https://crowdworks.jp/public/jobs/2806462
598,,https://crowdworks.jp/public/jobs/2806460
599,,https://crowdworks.jp/public/jobs/2806463
600,,https://crowdworks.jp/public/jobs/2806458
601,,https://crowdworks.jp/public/jobs/2806430
602,,https://crowdworks.jp/public/jobs/2806452
603,,https://crowdworks.jp/public/jobs/2806399
604,,https://crowdworks.jp/public/jobs/2806349
605,,https://crowdworks.jp/public/jobs/2806272
606,,https://crowdworks.jp/public/jobs/2806194
607,,https://crowdworks.jp/public/jobs/2806145
608,,https://crowdworks.jp/public/jobs/2806087
609,,https://crowdworks.jp/public/jobs/2806120
610,,https://crowdworks.jp/public/jobs/2806075
611,,https://crowdworks.jp/public/jobs/2806082
612,,https://crowdworks.jp/public/jobs/2790025
613,,https://crowdworks.jp/public/jobs/2806046
614,,https://crowdworks.jp/public/jobs/2806051
615,,https://crowdworks.jp/public/jobs/2806716
616,,https://crowdworks.jp/public/jobs/2784641
617,,https://crowdworks.jp/public/jobs/2806652
621,,https://crowdworks.jp/public/jobs/2806619
622,,https://crowdworks.jp/public/jobs/2806601
623,,https://crowdworks.jp/public/jobs/2806584
624,,https://crowdworks.jp/public/jobs/2806580
625,,https://crowdworks.jp/public/jobs/2806576
626,,https://crowdworks.jp/public/jobs/2806575
627,,https://crowdworks.jp/public/jobs/2806574
628,,https://crowdworks.jp/public/jobs/2806571
629,,https://crowdworks.jp/public/jobs/2806529
630,,https://crowdworks.jp/public/jobs/2806517
633,,https://crowdworks.jp/public/jobs/2806489
634,,https://crowdworks.jp/public/jobs/2806474
635,,https://crowdworks.jp/public/jobs/2806472
636,,https://crowdworks.jp/public/jobs/2806449
637,,https://crowdworks.jp/public/jobs/2806441
638,,https://crowdworks.jp/public/jobs/2806433
639,,https://crowdworks.jp/public/jobs/2806422
640,,https://crowdworks.jp/public/jobs/2806413
641,,https://crowdworks.jp/public/jobs/2806383
642,,https://crowdworks.jp/public/jobs/2806361
644,,https://crowdworks.jp/public/jobs/2806336
645,,https://crowdworks.jp/public/jobs/2788956
646,,https://crowdworks.jp/public/jobs/2806305
647,,https://crowdworks.jp/public/jobs/2806304
648,,https://crowdworks.jp/public/jobs/2806275
649,,https://crowdworks.jp/public/jobs/2806274
650,,https://crowdworks.jp/public/jobs/2806238
651,,https://crowdworks.jp/public/jobs/2806234
652,,https://crowdworks.jp/public/jobs/2806223
653,,https://crowdworks.jp/public/jobs/2805406
654,,https://crowdworks.jp/public/jobs/1421231
655,,https://crowdworks.jp/public/jobs/1473675
656,,https://crowdworks.jp/public/jobs/1523925
657,,https://crowdworks.jp/public/jobs/2789000
658,,https://crowdworks.jp/public/jobs/2789013
659,,https://crowdworks.jp/public/jobs/2806139
660,,https://crowdworks.jp/public/jobs/2765975
661,,https://crowdworks.jp/public/jobs/2806119
662,,https://crowdworks.jp/public/jobs/2806108
663,,https://crowdworks.jp/public/jobs/2806102
664,,https://crowdworks.jp/public/jobs/2806093
665,,https://crowdworks.jp/public/jobs/2806089
666,,https://crowdworks.jp/public/jobs/2744396
667,,https://crowdworks.jp/public/jobs/2806084
668,,https://crowdworks.jp/public/jobs/2806081
669,,https://crowdworks.jp/public/jobs/2806044
670,,https://crowdworks.jp/public/jobs/2805997
671,,https://crowdworks.jp/public/jobs/2633451
672,,https://crowdworks.jp/public/jobs/2805875
673,,https://crowdworks.jp/public/jobs/2805755
677,,https://crowdworks.jp/public/jobs/2805863
678,,https://crowdworks.jp/public/jobs/2805871
679,,https://crowdworks.jp/public/jobs/2805691
680,,https://crowdworks.jp/public/jobs/2805722
681,,https://crowdworks.jp/public/jobs/2805976
682,,https://crowdworks.jp/public/jobs/2803988
683,,https://crowdworks.jp/public/jobs/2805937
684,,https://crowdworks.jp/public/jobs/2805925
685,,https://crowdworks.jp/public/jobs/2805900
686,,https://crowdworks.jp/public/jobs/2805883
689,,https://crowdworks.jp/public/jobs/2805872
690,,https://crowdworks.jp/public/jobs/2805870
691,,https://crowdworks.jp/public/jobs/2805864
692,,https://crowdworks.jp/public/jobs/2805861
693,,https://crowdworks.jp/public/jobs/2805851
694,,https://crowdworks.jp/public/jobs/2805836
695,,https://crowdworks.jp/public/jobs/2805835
696,,https://crowdworks.jp/public/jobs/2805823
697,,https://crowdworks.jp/public/jobs/2805820
698,,https://crowdworks.jp/public/jobs/2805816
700,,https://crowdworks.jp/public/jobs/2805814
701,,https://crowdworks.jp/public/jobs/2805812
702,,https://crowdworks.jp/public/jobs/2805757
703,,https://crowdworks.jp/public/jobs/2805450
704,,https://crowdworks.jp/public/jobs/2803289
705,,https://crowdworks.jp/public/jobs/2805654
706,,https://crowdworks.jp/public/jobs/2802883
707,,https://crowdworks.jp/public/jobs/2803013
708,,https://crowdworks.jp/public/jobs/2802580
709,,https://crowdworks.jp/public/jobs/2802661
710,,https://crowdworks.jp/public/jobs/2802582
711,,https://crowdworks.jp/public/jobs/2805471
712,,https://crowdworks.jp/public/jobs/2805464
713,,https://crowdworks.jp/public/jobs/2805245
714,,https://crowdworks.jp/public/jobs/2805149
715,,https://crowdworks.jp/public/jobs/2804744
716,,https://crowdworks.jp/public/jobs/2804357
717,,https://crowdworks.jp/public/jobs/2804351
718,,https://crowdworks.jp/public/jobs/2804373
719,,https://crowdworks.jp/public/jobs/2804052
720,,https://crowdworks.jp/public/jobs/2803953
721,,https://crowdworks.jp/public/jobs/2803965
722,,https://crowdworks.jp/public/jobs/2803688
723,,https://crowdworks.jp/public/jobs/2803704
724,,https://crowdworks.jp/public/jobs/2803598
725,,https://crowdworks.jp/public/jobs/2803582
726,,https://crowdworks.jp/public/jobs/2803594
727,,https://crowdworks.jp/public/jobs/2805638
728,,https://crowdworks.jp/public/jobs/2805633
729,,https://crowdworks.jp/public/jobs/2805629
733,,https://crowdworks.jp/public/jobs/2805543
734,,https://crowdworks.jp/public/jobs/2805509
735,,https://crowdworks.jp/public/jobs/2805502
736,,https://crowdworks.jp/public/jobs/2805457
737,,https://crowdworks.jp/public/jobs/2805449
738,,https://crowdworks.jp/public/jobs/2805446
739,,https://crowdworks.jp/public/jobs/2805433
740,,https://crowdworks.jp/public/jobs/2805431
741,,https://crowdworks.jp/public/jobs/2805423
742,,https://crowdworks.jp/public/jobs/2802532
745,,https://crowdworks.jp/public/jobs/2802333
746,,https://crowdworks.jp/public/jobs/2802265
747,,https://crowdworks.jp/public/jobs/2802266
748,,https://crowdworks.jp/public/jobs/2802239
749,,https://crowdworks.jp/public/jobs/2802027
750,,https://crowdworks.jp/public/jobs/2802028
751,,https://crowdworks.jp/public/jobs/2801869
752,,https://crowdworks.jp/public/jobs/2801685
753,,https://crowdworks.jp/public/jobs/2801559
754,,https://crowdworks.jp/public/jobs/2801473
756,,https://crowdworks.jp/public/jobs/2801402
757,,https://crowdworks.jp/public/jobs/2801409
758,,https://crowdworks.jp/public/jobs/2801317
759,,https://crowdworks.jp/public/jobs/2801222
760,,https://crowdworks.jp/public/jobs/2801230
761,,https://crowdworks.jp/public/jobs/2801058
762,,https://crowdworks.jp/public/jobs/2801105
763,,https://crowdworks.jp/public/jobs/2801258
764,,https://crowdworks.jp/public/jobs/2801096
765,,https://crowdworks.jp/public/jobs/2801055
766,,https://crowdworks.jp/public/jobs/2801048
767,,https://crowdworks.jp/public/jobs/2801040
768,,https://crowdworks.jp/public/jobs/2801053
769,,https://crowdworks.jp/public/jobs/2800762
770,,https://crowdworks.jp/public/jobs/2800887
771,,https://crowdworks.jp/public/jobs/2800537
772,,https://crowdworks.jp/public/jobs/2800540
773,,https://crowdworks.jp/public/jobs/2800500
774,,https://crowdworks.jp/public/jobs/2799918
775,,https://crowdworks.jp/public/jobs/2805283
776,,https://crowdworks.jp/public/jobs/2799778
777,,https://crowdworks.jp/public/jobs/2798763
778,,https://crowdworks.jp/public/jobs/2798755
779,,https://crowdworks.jp/public/jobs/2798095
780,,https://crowdworks.jp/public/jobs/2798169
781,,https://crowdworks.jp/public/jobs/2797196
782,,https://crowdworks.jp/public/jobs/2797105
783,,https://crowdworks.jp/public/jobs/2805270
784,,https://crowdworks.jp/public/jobs/2797041
785,,https://crowdworks.jp/public/jobs/2805260
789,,https://crowdworks.jp/public/jobs/2772472
790,,https://crowdworks.jp/public/jobs/2772484
791,,https://crowdworks.jp/public/jobs/2772498
792,,https://crowdworks.jp/public/jobs/2693646
793,,https://crowdworks.jp/public/jobs/2772475
794,,https://crowdworks.jp/public/jobs/2693635
795,,https://crowdworks.jp/public/jobs/2805243
796,,https://crowdworks.jp/public/jobs/2205913
797,,https://crowdworks.jp/public/jobs/2699753
798,,https://crowdworks.jp/public/jobs/2805102
801,,https://crowdworks.jp/public/jobs/2805173
802,,https://crowdworks.jp/public/jobs/2805076
803,,https://crowdworks.jp/public/jobs/2805071
804,,https://crowdworks.jp/public/jobs/2805066
805,,https://crowdworks.jp/public/jobs/2805061
806,,https://crowdworks.jp/public/jobs/2805060
807,,https://crowdworks.jp/public/jobs/2805054
808,,https://crowdworks.jp/public/jobs/2805053
809,,https://crowdworks.jp/public/jobs/2805050
810,,https://crowdworks.jp/public/jobs/2805039
812,,https://crowdworks.jp/public/jobs/2459904
813,,https://crowdworks.jp/public/jobs/2055805
814,,https://crowdworks.jp/public/jobs/2796744
815,,https://crowdworks.jp/public/jobs/2726841
816,,https://crowdworks.jp/public/jobs/2805023
817,,https://crowdworks.jp/public/jobs/2726820
818,,https://crowdworks.jp/public/jobs/2726826
819,,https://crowdworks.jp/public/jobs/2796589
820,,https://crowdworks.jp/public/jobs/2796411
821,,https://crowdworks.jp/public/jobs/2795909
822,,https://crowdworks.jp/public/jobs/2795764
823,,https://crowdworks.jp/public/jobs/2795570
824,,https://crowdworks.jp/public/jobs/2776567
825,,https://crowdworks.jp/public/jobs/2777209
826,,https://crowdworks.jp/public/jobs/2805001
827,,https://crowdworks.jp/public/jobs/2804979
828,,https://crowdworks.jp/public/jobs/2804975
829,,https://crowdworks.jp/public/jobs/2774341
830,,https://crowdworks.jp/public/jobs/2794595
831,,https://crowdworks.jp/public/jobs/2794600
832,,https://crowdworks.jp/public/jobs/2794395
833,,https://crowdworks.jp/public/jobs/2794302
834,,https://crowdworks.jp/public/jobs/2794278
835,,https://crowdworks.jp/public/jobs/2794267
836,,https://crowdworks.jp/public/jobs/2794178
837,,https://crowdworks.jp/public/jobs/2794018
838,,https://crowdworks.jp/public/jobs/2793966
839,,https://crowdworks.jp/public/jobs/2793861
840,,https://crowdworks.jp/public/jobs/2804931
841,,https://crowdworks.jp/public/jobs/2804920
845,,https://crowdworks.jp/public/jobs/2793264
846,,https://crowdworks.jp/public/jobs/2793071
847,,https://crowdworks.jp/public/jobs/2793045
848,,https://crowdworks.jp/public/jobs/2789631
849,,https://crowdworks.jp/public/jobs/2785699
850,,https://crowdworks.jp/public/jobs/2763605
851,,https://crowdworks.jp/public/jobs/2754178
852,,https://crowdworks.jp/public/jobs/2757181
853,,https://crowdworks.jp/public/jobs/2752567
854,,https://crowdworks.jp/public/jobs/2728959
857,,https://crowdworks.jp/public/jobs/2724559
858,,https://crowdworks.jp/public/jobs/2696414
859,,https://crowdworks.jp/public/jobs/2701513
860,,https://crowdworks.jp/public/jobs/2804875
861,,https://crowdworks.jp/public/jobs/2792815
862,,https://crowdworks.jp/public/jobs/2360844
863,,https://crowdworks.jp/public/jobs/2357909
864,,https://crowdworks.jp/public/jobs/2551357
865,,https://crowdworks.jp/public/jobs/2804796
866,,https://crowdworks.jp/public/jobs/2804780
868,,https://crowdworks.jp/public/jobs/2804758
869,,https://crowdworks.jp/public/jobs/2804738
870,,https://crowdworks.jp/public/jobs/2804724
871,,https://crowdworks.jp/public/jobs/2783288
872,,https://crowdworks.jp/public/jobs/2804536
873,,https://crowdworks.jp/public/jobs/2804414
874,,https://crowdworks.jp/public/jobs/2804404
875,,https://crowdworks.jp/public/jobs/2804368
876,,https://crowdworks.jp/public/jobs/2395841
877,,https://crowdworks.jp/public/jobs/2803956
878,,https://crowdworks.jp/public/jobs/2803214
879,,https://crowdworks.jp/public/jobs/2803728
880,,https://crowdworks.jp/public/jobs/2803720
881,,https://crowdworks.jp/public/jobs/2803718
882,,https://crowdworks.jp/public/jobs/2803716
883,,https://crowdworks.jp/public/jobs/2803638
884,,https://crowdworks.jp/public/jobs/2803573
885,,https://crowdworks.jp/public/jobs/2803553
886,,https://crowdworks.jp/public/jobs/2803543
887,,https://crowdworks.jp/public/jobs/2803515
888,,https://crowdworks.jp/public/jobs/2803511
889,,https://crowdworks.jp/public/jobs/2803504
890,,https://crowdworks.jp/public/jobs/2803497
891,,https://crowdworks.jp/public/jobs/2803491
892,,https://crowdworks.jp/public/jobs/2803469
893,,https://crowdworks.jp/public/jobs/2803422
894,,https://crowdworks.jp/public/jobs/2803403
895,,https://crowdworks.jp/public/jobs/2747914
896,,https://crowdworks.jp/public/jobs/2803123
897,,https://crowdworks.jp/public/jobs/2803101
901,,https://crowdworks.jp/public/jobs/2803060
902,,https://crowdworks.jp/public/jobs/2803035
903,,https://crowdworks.jp/public/jobs/2802844
904,,https://crowdworks.jp/public/jobs/2802833
905,,https://crowdworks.jp/public/jobs/2802801
906,,https://crowdworks.jp/public/jobs/2802747
907,,https://crowdworks.jp/public/jobs/2802584
908,,https://crowdworks.jp/public/jobs/2802573
909,,https://crowdworks.jp/public/jobs/2802517
910,,https://crowdworks.jp/public/jobs/2802515
913,,https://crowdworks.jp/public/jobs/2802499
914,,https://crowdworks.jp/public/jobs/2802465
915,,https://crowdworks.jp/public/jobs/2802463
916,,https://crowdworks.jp/public/jobs/2802451
917,,https://crowdworks.jp/public/jobs/2802344
918,,https://crowdworks.jp/public/jobs/2802334
919,,https://crowdworks.jp/public/jobs/2802283
920,,https://crowdworks.jp/public/jobs/2802199
921,,https://crowdworks.jp/public/jobs/2728204
922,,https://crowdworks.jp/public/jobs/2801837
924,,https://crowdworks.jp/public/jobs/2801737
925,,https://crowdworks.jp/public/jobs/2801715
926,,https://crowdworks.jp/public/jobs/2801556
927,,https://crowdworks.jp/public/jobs/2801181
928,,https://crowdworks.jp/public/jobs/2263970
929,,https://crowdworks.jp/public/jobs/2214745
930,,https://crowdworks.jp/public/jobs/2365205
931,,https://crowdworks.jp/public/jobs/2784611
932,,https://crowdworks.jp/public/jobs/2784618
933,,https://crowdworks.jp/public/jobs/2721551
934,,https://crowdworks.jp/public/jobs/2800660
935,,https://crowdworks.jp/public/jobs/2800624
936,,https://crowdworks.jp/public/jobs/2501346
937,,https://crowdworks.jp/public/jobs/2800564
938,,https://crowdworks.jp/public/jobs/2800528
939,,https://crowdworks.jp/public/jobs/2800505
940,,https://crowdworks.jp/public/jobs/2800494
941,,https://crowdworks.jp/public/jobs/2800422
942,,https://crowdworks.jp/public/jobs/2800352
943,,https://crowdworks.jp/public/jobs/2800214
944,,https://crowdworks.jp/public/jobs/2700396
945,,https://crowdworks.jp/public/jobs/2800010
946,,https://crowdworks.jp/public/jobs/2800006
947,,https://crowdworks.jp/public/jobs/2799997
948,,https://crowdworks.jp/public/jobs/2799991
949,,https://crowdworks.jp/public/jobs/2799982
950,,https://crowdworks.jp/public/jobs/2799901
951,,https://crowdworks.jp/public/jobs/2799680
952,,https://crowdworks.jp/public/jobs/2799659
956,,https://crowdworks.jp/public/jobs/2799581
957,,https://crowdworks.jp/public/jobs/2799551
958,,https://crowdworks.jp/public/jobs/2575215
959,,https://crowdworks.jp/public/jobs/2799007
961,,https://crowdworks.jp/public/jobs/2798981
962,,https://crowdworks.jp/public/jobs/2572754
963,,https://crowdworks.jp/public/jobs/2798931
964,,https://crowdworks.jp/public/jobs/2798914
965,,https://crowdworks.jp/public/jobs/2798910
968,,https://crowdworks.jp/public/jobs/2798657
969,,https://crowdworks.jp/public/jobs/2798592
970,,https://crowdworks.jp/public/jobs/2798589
971,,https://crowdworks.jp/public/jobs/2798587
972,,https://crowdworks.jp/public/jobs/2798403
973,,https://crowdworks.jp/public/jobs/2798370
974,,https://crowdworks.jp/public/jobs/2798354
975,,https://crowdworks.jp/public/jobs/2798229
976,,https://crowdworks.jp/public/jobs/2798157
977,,https://crowdworks.jp/public/jobs/2797992
980,,https://crowdworks.jp/public/jobs/2622682
981,,https://crowdworks.jp/public/jobs/2797629
982,,https://crowdworks.jp/public/jobs/2797540
983,,https://crowdworks.jp/public/jobs/2797253
984,,https://crowdworks.jp/public/jobs/2797214
985,,https://crowdworks.jp/public/jobs/2797146
986,,https://crowdworks.jp/public/jobs/2797073
987,,https://crowdworks.jp/public/jobs/2797074
988,,https://crowdworks.jp/public/jobs/2797026
989,,https://crowdworks.jp/public/jobs/2796847
990,,https://crowdworks.jp/public/jobs/2796324
991,,https://crowdworks.jp/public/jobs/2796093
992,,https://crowdworks.jp/public/jobs/2589771
993,,https://crowdworks.jp/public/jobs/2795949
994,,https://crowdworks.jp/public/jobs/2795840
995,,https://crowdworks.jp/public/jobs/2795737
996,,https://crowdworks.jp/public/jobs/2795732
997,,https://crowdworks.jp/public/jobs/2795618
998,,https://crowdworks.jp/public/jobs/2795546
999,,https://crowdworks.jp/public/jobs/2795453
1000,,https://crowdworks.jp/public/jobs/2795082
1001,,https://crowdworks.jp/public/jobs/2794818
1002,,https://crowdworks.jp/public/jobs/2533528
1003,,https://crowdworks.jp/public/jobs/2751587
1004,,https://crowdworks.jp/public/jobs/2759166
1005,,https://crowdworks.jp/public/jobs/2759157
1006,,https://crowdworks.jp/public/jobs/2759140
1007,,https://crowdworks.jp/public/jobs/2759190
1012,,https://crowdworks.jp/public/jobs/2759181
1013,,https://crowdworks.jp/public/jobs/2699315
1014,,https://crowdworks.jp/public/jobs/2794730
1015,,https://crowdworks.jp/public/jobs/2794429
1016,,https://crowdworks.jp/public/jobs/2794427
1017,,https://crowdworks.jp/public/jobs/2794372
1018,,https://crowdworks.jp/public/jobs/2794369
1019,,https://crowdworks.jp/public/jobs/2794368
1020,,https://crowdworks.jp/public/jobs/2794356
1021,,https://crowdworks.jp/public/jobs/2794310
1024,,https://crowdworks.jp/public/jobs/2794070
1025,,https://crowdworks.jp/public/jobs/2793764
1026,,https://crowdworks.jp/public/jobs/2780149
1027,,https://crowdworks.jp/public/jobs/2793583
1028,,https://crowdworks.jp/public/jobs/2793465
1029,,https://crowdworks.jp/public/jobs/2793400
1030,,https://crowdworks.jp/public/jobs/2793376
1031,,https://crowdworks.jp/public/jobs/2793183
1032,,https://crowdworks.jp/public/jobs/2792842
1033,,https://crowdworks.jp/public/jobs/2792837
1035,,https://crowdworks.jp/public/jobs/2792771
1036,,https://crowdworks.jp/public/jobs/2792770
1037,,https://crowdworks.jp/public/jobs/2792766
1038,,https://crowdworks.jp/public/jobs/2792757
1039,,https://crowdworks.jp/public/jobs/2792746
1040,,https://crowdworks.jp/public/jobs/2792731
1041,,https://crowdworks.jp/public/jobs/2792604
1042,,https://crowdworks.jp/public/jobs/2792617
1043,,https://crowdworks.jp/public/jobs/2726904
1044,,https://crowdworks.jp/public/jobs/2792663
1045,,https://crowdworks.jp/public/jobs/2728386
1046,,https://crowdworks.jp/public/jobs/2728391
1047,,https://crowdworks.jp/public/jobs/2792567
1048,,https://crowdworks.jp/public/jobs/2792537
1049,,https://crowdworks.jp/public/jobs/2792426
1050,,https://crowdworks.jp/public/jobs/2470304
1051,,https://crowdworks.jp/public/jobs/2792393
1052,,https://crowdworks.jp/public/jobs/2792105
1053,,https://crowdworks.jp/public/jobs/2792323
1054,,https://crowdworks.jp/public/jobs/2792295
1055,,https://crowdworks.jp/public/jobs/2791788
1056,,https://crowdworks.jp/public/jobs/2704590
1057,,https://crowdworks.jp/public/jobs/2791600
1058,,https://crowdworks.jp/public/jobs/2791599
1059,,https://crowdworks.jp/public/jobs/2791593
1060,,https://crowdworks.jp/public/jobs/2791601
1061,,https://crowdworks.jp/public/jobs/2791241
1062,,https://crowdworks.jp/public/jobs/2791104
1063,,https://crowdworks.jp/public/jobs/2791130
1064,,https://crowdworks.jp/public/jobs/2791146
1068,,https://crowdworks.jp/public/jobs/2760458
1069,,https://crowdworks.jp/public/jobs/2760457
1070,,https://crowdworks.jp/public/jobs/2760456
1071,,https://crowdworks.jp/public/jobs/2717213
1072,,https://crowdworks.jp/public/jobs/2720445
1073,,https://crowdworks.jp/public/jobs/2716888
1074,,https://crowdworks.jp/public/jobs/2716884
1075,,https://crowdworks.jp/public/jobs/2737507
1076,,https://crowdworks.jp/public/jobs/2723133
1077,,https://crowdworks.jp/public/jobs/2760452
1080,,https://crowdworks.jp/public/jobs/2715496
1081,,https://crowdworks.jp/public/jobs/2709838
1082,,https://crowdworks.jp/public/jobs/2792112
1083,,https://crowdworks.jp/public/jobs/2792102
1085,,https://crowdworks.jp/public/jobs/2791917
1086,,https://crowdworks.jp/public/jobs/2791886
1087,,https://crowdworks.jp/public/jobs/2791781
1088,,https://crowdworks.jp/public/jobs/2791742
1089,,https://crowdworks.jp/public/jobs/2791694
1091,,https://crowdworks.jp/public/jobs/2791690
1092,,https://crowdworks.jp/public/jobs/2791685
1093,,https://crowdworks.jp/public/jobs/2791680
1094,,https://crowdworks.jp/public/jobs/2791676
1095,,https://crowdworks.jp/public/jobs/2791675
1096,,https://crowdworks.jp/public/jobs/2791674
1097,,https://crowdworks.jp/public/jobs/2744053
1098,,https://crowdworks.jp/public/jobs/2791670
1099,,https://crowdworks.jp/public/jobs/2791664
1100,,https://crowdworks.jp/public/jobs/2791660
1101,,https://crowdworks.jp/public/jobs/2791658
1102,,https://crowdworks.jp/public/jobs/2791652
1103,,https://crowdworks.jp/public/jobs/2791555
1104,,https://crowdworks.jp/public/jobs/2791543
1105,,https://crowdworks.jp/public/jobs/2791514
1106,,https://crowdworks.jp/public/jobs/2791486
1107,,https://crowdworks.jp/public/jobs/2791475
1108,,https://crowdworks.jp/public/jobs/2791473
1109,,https://crowdworks.jp/public/jobs/2212101
1110,,https://crowdworks.jp/public/jobs/2195072
1111,,https://crowdworks.jp/public/jobs/2055120
1112,,https://crowdworks.jp/public/jobs/2055121
1113,,https://crowdworks.jp/public/jobs/2791434
1114,,https://crowdworks.jp/public/jobs/2791428
1115,,https://crowdworks.jp/public/jobs/2791427
1116,,https://crowdworks.jp/public/jobs/2791420
1117,,https://crowdworks.jp/public/jobs/2791405
1118,,https://crowdworks.jp/public/jobs/2791400
1119,,https://crowdworks.jp/public/jobs/2791393
1123,,https://crowdworks.jp/public/jobs/2791379
1124,,https://crowdworks.jp/public/jobs/2791374
1125,,https://crowdworks.jp/public/jobs/2791359
1126,,https://crowdworks.jp/public/jobs/2791345
1127,,https://crowdworks.jp/public/jobs/2791337
1128,,https://crowdworks.jp/public/jobs/2791335
1129,,https://crowdworks.jp/public/jobs/2791330
1130,,https://crowdworks.jp/public/jobs/2791310
1131,,https://crowdworks.jp/public/jobs/2791181
1132,,https://crowdworks.jp/public/jobs/2696365
1135,,https://crowdworks.jp/public/jobs/2791065
1136,,https://crowdworks.jp/public/jobs/2791067
1137,,https://crowdworks.jp/public/jobs/2791054
1138,,https://crowdworks.jp/public/jobs/2791041
1139,,https://crowdworks.jp/public/jobs/2791037
1140,,https://crowdworks.jp/public/jobs/2791036
1141,,https://crowdworks.jp/public/jobs/2791031
1142,,https://crowdworks.jp/public/jobs/2791014
1143,,https://crowdworks.jp/public/jobs/2790992
1144,,https://crowdworks.jp/public/jobs/2790976
1146,,https://crowdworks.jp/public/jobs/2790966
1147,,https://crowdworks.jp/public/jobs/2790964
1148,,https://crowdworks.jp/public/jobs/2790944
1149,,https://crowdworks.jp/public/jobs/2790938
1150,,https://crowdworks.jp/public/jobs/2790931
1151,,https://crowdworks.jp/public/jobs/2790929
1152,,https://crowdworks.jp/public/jobs/2672070
1153,,https://crowdworks.jp/public/jobs/2788326
1154,,https://crowdworks.jp/public/jobs/2790476
1155,,https://crowdworks.jp/public/jobs/2790151
1156,,https://crowdworks.jp/public/jobs/2789985
1157,,https://crowdworks.jp/public/jobs/2789992
1158,,https://crowdworks.jp/public/jobs/2789329
1159,,https://crowdworks.jp/public/jobs/2790792
1160,,https://crowdworks.jp/public/jobs/2728093
1161,,https://crowdworks.jp/public/jobs/2790769
1162,,https://crowdworks.jp/public/jobs/2788665
1163,,https://crowdworks.jp/public/jobs/2788306
1164,,https://crowdworks.jp/public/jobs/2788249
1165,,https://crowdworks.jp/public/jobs/2360840
1166,,https://crowdworks.jp/public/jobs/2495246
1167,,https://crowdworks.jp/public/jobs/2790682
1168,,https://crowdworks.jp/public/jobs/2788798
1169,,https://crowdworks.jp/public/jobs/2746447
1170,,https://crowdworks.jp/public/jobs/2727384
1171,,https://crowdworks.jp/public/jobs/2705377
1172,,https://crowdworks.jp/public/jobs/2690048
1173,,https://crowdworks.jp/public/jobs/2663665
1174,,https://crowdworks.jp/public/jobs/2790564
1178,,https://crowdworks.jp/public/jobs/2790547
1179,,https://crowdworks.jp/public/jobs/2419534
1180,,https://crowdworks.jp/public/jobs/2790535
1181,,https://crowdworks.jp/public/jobs/2790508
1182,,https://crowdworks.jp/public/jobs/2790511
1183,,https://crowdworks.jp/public/jobs/2790478
1184,,https://crowdworks.jp/public/jobs/2790468
1185,,https://crowdworks.jp/public/jobs/2790457
1186,,https://crowdworks.jp/public/jobs/2790453
1187,,https://crowdworks.jp/public/jobs/2790432
1190,,https://crowdworks.jp/public/jobs/2790369
1191,,https://crowdworks.jp/public/jobs/2790340
1192,,https://crowdworks.jp/public/jobs/2790335
1193,,https://crowdworks.jp/public/jobs/2790332
1194,,https://crowdworks.jp/public/jobs/2790324
1195,,https://crowdworks.jp/public/jobs/2790320
1196,,https://crowdworks.jp/public/jobs/2790310
1197,,https://crowdworks.jp/public/jobs/2790304
1198,,https://crowdworks.jp/public/jobs/2790294
1199,,https://crowdworks.jp/public/jobs/2790228
1201,,https://crowdworks.jp/public/jobs/2789970
1202,,https://crowdworks.jp/public/jobs/2789964
1203,,https://crowdworks.jp/public/jobs/2789962
1204,,https://crowdworks.jp/public/jobs/2789961
1205,,https://crowdworks.jp/public/jobs/2789783
1206,,https://crowdworks.jp/public/jobs/2789779
1207,,https://crowdworks.jp/public/jobs/2789753
1208,,https://crowdworks.jp/public/jobs/2789500
1209,,https://crowdworks.jp/public/jobs/2162925
1210,,https://crowdworks.jp/public/jobs/2789277
1211,,https://crowdworks.jp/public/jobs/2534799
1212,,https://crowdworks.jp/public/jobs/2534825
1213,,https://crowdworks.jp/public/jobs/2534812
1214,,https://crowdworks.jp/public/jobs/2534844
1215,,https://crowdworks.jp/public/jobs/2534840
1216,,https://crowdworks.jp/public/jobs/2534854
1217,,https://crowdworks.jp/public/jobs/2534872
1218,,https://crowdworks.jp/public/jobs/2534856
1219,,https://crowdworks.jp/public/jobs/2534880
1220,,https://crowdworks.jp/public/jobs/2534884
1221,,https://crowdworks.jp/public/jobs/2534879
1222,,https://crowdworks.jp/public/jobs/2568495
1223,,https://crowdworks.jp/public/jobs/2550122
1224,,https://crowdworks.jp/public/jobs/2568500
1225,,https://crowdworks.jp/public/jobs/2568503
1226,,https://crowdworks.jp/public/jobs/2785030
1227,,https://crowdworks.jp/public/jobs/2789007
1228,,https://crowdworks.jp/public/jobs/2788965
1230,,https://crowdworks.jp/public/jobs/2788467
1234,,https://crowdworks.jp/public/jobs/2788342
1235,,https://crowdworks.jp/public/jobs/2788305
1236,,https://crowdworks.jp/public/jobs/2788303
1237,,https://crowdworks.jp/public/jobs/2788124
1238,,https://crowdworks.jp/public/jobs/2787836
1239,,https://crowdworks.jp/public/jobs/2787833
1240,,https://crowdworks.jp/public/jobs/2787693
1241,,https://crowdworks.jp/public/jobs/2787576
1242,,https://crowdworks.jp/public/jobs/2787574
1243,,https://crowdworks.jp/public/jobs/2787575
1246,,https://crowdworks.jp/public/jobs/2787370
1247,,https://crowdworks.jp/public/jobs/2787289
1248,,https://crowdworks.jp/public/jobs/2787210
1249,,https://crowdworks.jp/public/jobs/2787103
1250,,https://crowdworks.jp/public/jobs/2787052
1251,,https://crowdworks.jp/public/jobs/2787897
1252,,https://crowdworks.jp/public/jobs/2787873
1253,,https://crowdworks.jp/public/jobs/2787860
1254,,https://crowdworks.jp/public/jobs/2787472
1255,,https://crowdworks.jp/public/jobs/2787446
1257,,https://crowdworks.jp/public/jobs/2720339
1258,,https://crowdworks.jp/public/jobs/2787359
1259,,https://crowdworks.jp/public/jobs/2787244
1260,,https://crowdworks.jp/public/jobs/2677620
1261,,https://crowdworks.jp/public/jobs/2787133
1262,,https://crowdworks.jp/public/jobs/2787124
1263,,https://crowdworks.jp/public/jobs/2787013
1264,,https://crowdworks.jp/public/jobs/2786868
1265,,https://crowdworks.jp/public/jobs/2786920
1266,,https://crowdworks.jp/public/jobs/2786882
1267,,https://crowdworks.jp/public/jobs/2786861
1268,,https://crowdworks.jp/public/jobs/2786873
1269,,https://crowdworks.jp/public/jobs/2608509
1270,,https://crowdworks.jp/public/jobs/2786789
1271,,https://crowdworks.jp/public/jobs/2786724
1272,,https://crowdworks.jp/public/jobs/2786337
1273,,https://crowdworks.jp/public/jobs/2786491
1274,,https://crowdworks.jp/public/jobs/2786358
1275,,https://crowdworks.jp/public/jobs/2786300
1276,,https://crowdworks.jp/public/jobs/2786259
1277,,https://crowdworks.jp/public/jobs/2786255
1278,,https://crowdworks.jp/public/jobs/2751568
1279,,https://crowdworks.jp/public/jobs/2786246
1280,,https://crowdworks.jp/public/jobs/2786247
1281,,https://crowdworks.jp/public/jobs/2786117
1282,,https://crowdworks.jp/public/jobs/2786069
1283,,https://crowdworks.jp/public/jobs/2785772
1284,,https://crowdworks.jp/public/jobs/2785740
1285,,https://crowdworks.jp/public/jobs/2785588
1289,,https://crowdworks.jp/public/jobs/2785592
1290,,https://crowdworks.jp/public/jobs/2785605
1291,,https://crowdworks.jp/public/jobs/2785467
1292,,https://crowdworks.jp/public/jobs/2785156
1293,,https://crowdworks.jp/public/jobs/2785017
1294,,https://crowdworks.jp/public/jobs/2784703
1297,,https://crowdworks.jp/public/jobs/2784240
1298,,https://crowdworks.jp/public/jobs/2783854
1301,,https://crowdworks.jp/public/jobs/2783726
1302,,https://crowdworks.jp/public/jobs/2783749
1303,,https://crowdworks.jp/public/jobs/2755608
1304,,https://crowdworks.jp/public/jobs/2702172
1305,,https://crowdworks.jp/public/jobs/2304939
1306,,https://crowdworks.jp/public/jobs/2002241
1308,,https://crowdworks.jp/public/jobs/2785856
1309,,https://crowdworks.jp/public/jobs/2785841
1310,,https://crowdworks.jp/public/jobs/2785760
1312,,https://crowdworks.jp/public/jobs/2785741
1313,,https://crowdworks.jp/public/jobs/2658365
1314,,https://crowdworks.jp/public/jobs/2785528
1315,,https://crowdworks.jp/public/jobs/2785094
1316,,https://crowdworks.jp/public/jobs/2785021
1317,,https://crowdworks.jp/public/jobs/2701666
1318,,https://crowdworks.jp/public/jobs/2737880
1319,,https://crowdworks.jp/public/jobs/2784980
1320,,https://crowdworks.jp/public/jobs/2784793
1321,,https://crowdworks.jp/public/jobs/2784667
1322,,https://crowdworks.jp/public/jobs/2784625
1323,,https://crowdworks.jp/public/jobs/2784617
1324,,https://crowdworks.jp/public/jobs/2784386
1325,,https://crowdworks.jp/public/jobs/1520737
1326,,https://crowdworks.jp/public/jobs/1707213
1327,,https://crowdworks.jp/public/jobs/2283130
1328,,https://crowdworks.jp/public/jobs/2784222
1329,,https://crowdworks.jp/public/jobs/2784015
1330,,https://crowdworks.jp/public/jobs/2783952
1331,,https://crowdworks.jp/public/jobs/2699237
1332,,https://crowdworks.jp/public/jobs/2699247
1333,,https://crowdworks.jp/public/jobs/2783547
1334,,https://crowdworks.jp/public/jobs/2783030
1335,,https://crowdworks.jp/public/jobs/2783392
1336,,https://crowdworks.jp/public/jobs/2783330
1337,,https://crowdworks.jp/public/jobs/2783328
1338,,https://crowdworks.jp/public/jobs/2783326
1339,,https://crowdworks.jp/public/jobs/2783193
1340,,https://crowdworks.jp/public/jobs/2783182
1341,,https://crowdworks.jp/public/jobs/2737505
1345,,https://crowdworks.jp/public/jobs/2747890
1346,,https://crowdworks.jp/public/jobs/2718207
1347,,https://crowdworks.jp/public/jobs/2703192
1348,,https://crowdworks.jp/public/jobs/2781997
1349,,https://crowdworks.jp/public/jobs/2783068
1350,,https://crowdworks.jp/public/jobs/2783047
1351,,https://crowdworks.jp/public/jobs/2782849
1352,,https://crowdworks.jp/public/jobs/2718856
1353,,https://crowdworks.jp/public/jobs/2782886
1354,,https://crowdworks.jp/public/jobs/2782408
1357,,https://crowdworks.jp/public/jobs/2782420
1358,,https://crowdworks.jp/public/jobs/2782156
1359,,https://crowdworks.jp/public/jobs/2782121
1360,,https://crowdworks.jp/public/jobs/2496133
1361,,https://crowdworks.jp/public/jobs/2608231
1362,,https://crowdworks.jp/public/jobs/2782544
1363,,https://crowdworks.jp/public/jobs/2782520
1364,,https://crowdworks.jp/public/jobs/2782519
1365,,https://crowdworks.jp/public/jobs/2782395
1366,,https://crowdworks.jp/public/jobs/2782371
1368,,https://crowdworks.jp/public/jobs/2782316
1369,,https://crowdworks.jp/public/jobs/2782230
1370,,https://crowdworks.jp/public/jobs/2781747
1371,,https://crowdworks.jp/public/jobs/2781751
1372,,https://crowdworks.jp/public/jobs/2781758
1373,,https://crowdworks.jp/public/jobs/2781675
1374,,https://crowdworks.jp/public/jobs/2781510
1375,,https://crowdworks.jp/public/jobs/2781469
1376,,https://crowdworks.jp/public/jobs/2780924
1377,,https://crowdworks.jp/public/jobs/2780642
1378,,https://crowdworks.jp/public/jobs/2780426
1379,,https://crowdworks.jp/public/jobs/2758210
1380,,https://crowdworks.jp/public/jobs/2484487
1381,,https://crowdworks.jp/public/jobs/2782131
1382,,https://crowdworks.jp/public/jobs/2782000
1383,,https://crowdworks.jp/public/jobs/2781980
1384,,https://crowdworks.jp/public/jobs/2781965
1385,,https://crowdworks.jp/public/jobs/2781901
1386,,https://crowdworks.jp/public/jobs/2781885
1387,,https://crowdworks.jp/public/jobs/2781877
1388,,https://crowdworks.jp/public/jobs/2781816
1389,,https://crowdworks.jp/public/jobs/1935810
1390,,https://crowdworks.jp/public/jobs/2781779
1391,,https://crowdworks.jp/public/jobs/2781771
1392,,https://crowdworks.jp/public/jobs/2781761
1393,,https://crowdworks.jp/public/jobs/2781755
1394,,https://crowdworks.jp/public/jobs/2780043
1395,,https://crowdworks.jp/public/jobs/2779612
1396,,https://crowdworks.jp/public/jobs/2781725
1397,,https://crowdworks.jp/public/jobs/2781722
1401,,https://crowdworks.jp/public/jobs/2779039
1402,,https://crowdworks.jp/public/jobs/2720245
1403,,https://crowdworks.jp/public/jobs/2720198
1404,,https://crowdworks.jp/public/jobs/2684788
1405,,https://crowdworks.jp/public/jobs/2781645
1406,,https://crowdworks.jp/public/jobs/2781634
1407,,https://crowdworks.jp/public/jobs/2781628
1408,,https://crowdworks.jp/public/jobs/2781308
1409,,https://crowdworks.jp/public/jobs/2716236
1410,,https://crowdworks.jp/public/jobs/2780882
1413,,https://crowdworks.jp/public/jobs/2780669
1414,,https://crowdworks.jp/public/jobs/2780641
1415,,https://crowdworks.jp/public/jobs/2780435
1416,,https://crowdworks.jp/public/jobs/2780409
1417,,https://crowdworks.jp/public/jobs/2780145
1418,,https://crowdworks.jp/public/jobs/2780141
1419,,https://crowdworks.jp/public/jobs/2780063
1420,,https://crowdworks.jp/public/jobs/2780035
1421,,https://crowdworks.jp/public/jobs/2780034
1422,,https://crowdworks.jp/public/jobs/2779790
1424,,https://crowdworks.jp/public/jobs/2779674
1425,,https://crowdworks.jp/public/jobs/2779651
1426,,https://crowdworks.jp/public/jobs/2779411
1427,,https://crowdworks.jp/public/jobs/2779261
1428,,https://crowdworks.jp/public/jobs/2779249
1429,,https://crowdworks.jp/public/jobs/2401096
1430,,https://crowdworks.jp/public/jobs/2715405
1431,,https://crowdworks.jp/public/jobs/2778857
1432,,https://crowdworks.jp/public/jobs/2778840
1433,,https://crowdworks.jp/public/jobs/2778821
1434,,https://crowdworks.jp/public/jobs/2778688
1435,,https://crowdworks.jp/public/jobs/2778161
1436,,https://crowdworks.jp/public/jobs/2777838
1438,,https://crowdworks.jp/public/jobs/2606924
1439,,https://crowdworks.jp/public/jobs/2778414
1440,,https://crowdworks.jp/public/jobs/2061540
1441,,https://crowdworks.jp/public/jobs/2778124
1442,,https://crowdworks.jp/public/jobs/2778044
1443,,https://crowdworks.jp/public/jobs/2777955
1444,,https://crowdworks.jp/public/jobs/2777876
1445,,https://crowdworks.jp/public/jobs/2777874
1446,,https://crowdworks.jp/public/jobs/2777869
1447,,https://crowdworks.jp/public/jobs/2777809
1448,,https://crowdworks.jp/public/jobs/2777791
1449,,https://crowdworks.jp/public/jobs/2777804
1450,,https://crowdworks.jp/public/jobs/2777784
1451,,https://crowdworks.jp/public/jobs/2032202
1452,,https://crowdworks.jp/public/jobs/2195689
1453,,https://crowdworks.jp/public/jobs/2302947
1457,,https://crowdworks.jp/public/jobs/2323203
1458,,https://crowdworks.jp/public/jobs/2777541
1459,,https://crowdworks.jp/public/jobs/2478663
1460,,https://crowdworks.jp/public/jobs/2777500
1461,,https://crowdworks.jp/public/jobs/2767968
1462,,https://crowdworks.jp/public/jobs/2775080
1463,,https://crowdworks.jp/public/jobs/2777391
1464,,https://crowdworks.jp/public/jobs/2776885
1465,,https://crowdworks.jp/public/jobs/2776787
1466,,https://crowdworks.jp/public/jobs/2776592
1469,,https://crowdworks.jp/public/jobs/2776382
1470,,https://crowdworks.jp/public/jobs/2776379
1471,,https://crowdworks.jp/public/jobs/2776200
1472,,https://crowdworks.jp/public/jobs/2776187
1473,,https://crowdworks.jp/public/jobs/2777360
1474,,https://crowdworks.jp/public/jobs/2777090
1475,,https://crowdworks.jp/public/jobs/2777319
1476,,https://crowdworks.jp/public/jobs/2776078
1477,,https://crowdworks.jp/public/jobs/2776064
1478,,https://crowdworks.jp/public/jobs/2776085
1480,,https://crowdworks.jp/public/jobs/2775590
1481,,https://crowdworks.jp/public/jobs/2775596
1482,,https://crowdworks.jp/public/jobs/2775581
1483,,https://crowdworks.jp/public/jobs/2775612
1484,,https://crowdworks.jp/public/jobs/2777184
1485,,https://crowdworks.jp/public/jobs/2777179
1486,,https://crowdworks.jp/public/jobs/2777164
1487,,https://crowdworks.jp/public/jobs/2777158
1488,,https://crowdworks.jp/public/jobs/2777147
1489,,https://crowdworks.jp/public/jobs/2777145
1490,,https://crowdworks.jp/public/jobs/2777140
1491,,https://crowdworks.jp/public/jobs/2775245
1492,,https://crowdworks.jp/public/jobs/2775211
1493,,https://crowdworks.jp/public/jobs/2775259
1494,,https://crowdworks.jp/public/jobs/2774782
1495,,https://crowdworks.jp/public/jobs/2774477
1496,,https://crowdworks.jp/public/jobs/2771241
1497,,https://crowdworks.jp/public/jobs/2715356
1498,,https://crowdworks.jp/public/jobs/2699147
1499,,https://crowdworks.jp/public/jobs/2403623
1500,,https://crowdworks.jp/public/jobs/776130
1501,,https://crowdworks.jp/public/jobs/908759
1502,,https://crowdworks.jp/public/jobs/2777136
1503,,https://crowdworks.jp/public/jobs/2777106
1504,,https://crowdworks.jp/public/jobs/2777100
1505,,https://crowdworks.jp/public/jobs/2777098
1506,,https://crowdworks.jp/public/jobs/2777095
1507,,https://crowdworks.jp/public/jobs/2777092
1508,,https://crowdworks.jp/public/jobs/2777085
1509,,https://crowdworks.jp/public/jobs/2777038
1513,,https://crowdworks.jp/public/jobs/2777019
1514,,https://crowdworks.jp/public/jobs/2776880
1515,,https://crowdworks.jp/public/jobs/2776931
1516,,https://crowdworks.jp/public/jobs/2559404
1517,,https://crowdworks.jp/public/jobs/2776911
1518,,https://crowdworks.jp/public/jobs/2776904
1519,,https://crowdworks.jp/public/jobs/2776892
1520,,https://crowdworks.jp/public/jobs/2776827
1521,,https://crowdworks.jp/public/jobs/2776839
1522,,https://crowdworks.jp/public/jobs/2776834
1525,,https://crowdworks.jp/public/jobs/2776760
1526,,https://crowdworks.jp/public/jobs/2776736
1527,,https://crowdworks.jp/public/jobs/2776643
1528,,https://crowdworks.jp/public/jobs/2776602
1529,,https://crowdworks.jp/public/jobs/2696282
1530,,https://crowdworks.jp/public/jobs/2776328
1531,,https://crowdworks.jp/public/jobs/2776159
1532,,https://crowdworks.jp/public/jobs/2775927
1533,,https://crowdworks.jp/public/jobs/2775832
1534,,https://crowdworks.jp/public/jobs/2775394
1536,,https://crowdworks.jp/public/jobs/2775309
1537,,https://crowdworks.jp/public/jobs/2775144
1538,,https://crowdworks.jp/public/jobs/2774764
1539,,https://crowdworks.jp/public/jobs/2774728
1540,,https://crowdworks.jp/public/jobs/2774532
1541,,https://crowdworks.jp/public/jobs/2774522
1542,,https://crowdworks.jp/public/jobs/2774272
1543,,https://crowdworks.jp/public/jobs/2774142
1544,,https://crowdworks.jp/public/jobs/2571754
1545,,https://crowdworks.jp/public/jobs/2774281
1546,,https://crowdworks.jp/public/jobs/2774277
1547,,https://crowdworks.jp/public/jobs/2773790
1548,,https://crowdworks.jp/public/jobs/2773683
1549,,https://crowdworks.jp/public/jobs/2773956
1550,,https://crowdworks.jp/public/jobs/2773923
1551,,https://crowdworks.jp/public/jobs/2773856
1552,,https://crowdworks.jp/public/jobs/2768968
1553,,https://crowdworks.jp/public/jobs/2773752
1554,,https://crowdworks.jp/public/jobs/2773665
1555,,https://crowdworks.jp/public/jobs/2773467
1556,,https://crowdworks.jp/public/jobs/2773110
1557,,https://crowdworks.jp/public/jobs/2772898
1558,,https://crowdworks.jp/public/jobs/2773581
1559,,https://crowdworks.jp/public/jobs/2773583
1560,,https://crowdworks.jp/public/jobs/2773541
1561,,https://crowdworks.jp/public/jobs/2773538
1562,,https://crowdworks.jp/public/jobs/2773460
1563,,https://crowdworks.jp/public/jobs/2773446
1569,,https://crowdworks.jp/public/jobs/2773413
1570,,https://crowdworks.jp/public/jobs/2773405
1571,,https://crowdworks.jp/public/jobs/2773403
1572,,https://crowdworks.jp/public/jobs/2773396
1573,,https://crowdworks.jp/public/jobs/2773391
1574,,https://crowdworks.jp/public/jobs/2773388
1575,,https://crowdworks.jp/public/jobs/2773387
1576,,https://crowdworks.jp/public/jobs/2773386
1577,,https://crowdworks.jp/public/jobs/2773383
1578,,https://crowdworks.jp/public/jobs/2770847
1580,,https://crowdworks.jp/public/jobs/2797785
1581,,https://crowdworks.jp/public/jobs/2770803
1582,,https://crowdworks.jp/public/jobs/2770621
1583,,https://crowdworks.jp/public/jobs/2770326
1584,,https://crowdworks.jp/public/jobs/2770336
1585,,https://crowdworks.jp/public/jobs/2770384
1586,,https://crowdworks.jp/public/jobs/2770293
1587,,https://crowdworks.jp/public/jobs/2770413
1588,,https://crowdworks.jp/public/jobs/2770402
1589,,https://crowdworks.jp/public/jobs/2769758
1590,,https://crowdworks.jp/public/jobs/2769558
1592,,https://crowdworks.jp/public/jobs/2769547
1593,,https://crowdworks.jp/public/jobs/2773233
1594,,https://crowdworks.jp/public/jobs/2769156
1595,,https://crowdworks.jp/public/jobs/2769126
1596,,https://crowdworks.jp/public/jobs/2773218
1597,,https://crowdworks.jp/public/jobs/2773205
1598,,https://crowdworks.jp/public/jobs/2773180
1599,,https://crowdworks.jp/public/jobs/2773175
1600,,https://crowdworks.jp/public/jobs/2773152
1601,,https://crowdworks.jp/public/jobs/2629947
1602,,https://crowdworks.jp/public/jobs/2773111
1603,,https://crowdworks.jp/public/jobs/2773104
1604,,https://crowdworks.jp/public/jobs/2773091
1605,,https://crowdworks.jp/public/jobs/2773083
1606,,https://crowdworks.jp/public/jobs/2773082
1607,,https://crowdworks.jp/public/jobs/2773066
1608,,https://crowdworks.jp/public/jobs/2773059
1609,,https://crowdworks.jp/public/jobs/2773038
1610,,https://crowdworks.jp/public/jobs/2773014
1611,,https://crowdworks.jp/public/jobs/2772989
1612,,https://crowdworks.jp/public/jobs/2767922
1613,,https://crowdworks.jp/public/jobs/2767541
1614,,https://crowdworks.jp/public/jobs/2767453
1615,,https://crowdworks.jp/public/jobs/2767361
1616,,https://crowdworks.jp/public/jobs/2767229
1617,,https://crowdworks.jp/public/jobs/2767278
1618,,https://crowdworks.jp/public/jobs/2766814
1619,,https://crowdworks.jp/public/jobs/2766712
1620,,https://crowdworks.jp/public/jobs/2772852
1621,,https://crowdworks.jp/public/jobs/2772835
1625,,https://crowdworks.jp/public/jobs/2772832
1626,,https://crowdworks.jp/public/jobs/2765770
1627,,https://crowdworks.jp/public/jobs/2765763
1628,,https://crowdworks.jp/public/jobs/2765710
1629,,https://crowdworks.jp/public/jobs/2765530
1630,,https://crowdworks.jp/public/jobs/2772815
1631,,https://crowdworks.jp/public/jobs/2172542
1632,,https://crowdworks.jp/public/jobs/2772802
1633,,https://crowdworks.jp/public/jobs/2772256
1634,,https://crowdworks.jp/public/jobs/2772240
1637,,https://crowdworks.jp/public/jobs/2772017
1638,,https://crowdworks.jp/public/jobs/2772055
1639,,https://crowdworks.jp/public/jobs/2771434
1640,,https://crowdworks.jp/public/jobs/2771831
1641,,https://crowdworks.jp/public/jobs/2771768
1642,,https://crowdworks.jp/public/jobs/2771314
1643,,https://crowdworks.jp/public/jobs/2771003
1644,,https://crowdworks.jp/public/jobs/2770940
1645,,https://crowdworks.jp/public/jobs/2772717
1646,,https://crowdworks.jp/public/jobs/2772651
1648,,https://crowdworks.jp/public/jobs/2763178
1649,,https://crowdworks.jp/public/jobs/2762516
1650,,https://crowdworks.jp/public/jobs/2762524
1651,,https://crowdworks.jp/public/jobs/2762346
1652,,https://crowdworks.jp/public/jobs/2762210
1653,,https://crowdworks.jp/public/jobs/2762169
1654,,https://crowdworks.jp/public/jobs/2762182
1655,,https://crowdworks.jp/public/jobs/2762070
1656,,https://crowdworks.jp/public/jobs/2772587
1657,,https://crowdworks.jp/public/jobs/2772575
1658,,https://crowdworks.jp/public/jobs/2772563
1659,,https://crowdworks.jp/public/jobs/2772045
1660,,https://crowdworks.jp/public/jobs/2761195
1661,,https://crowdworks.jp/public/jobs/2758687
1662,,https://crowdworks.jp/public/jobs/2706275
1663,,https://crowdworks.jp/public/jobs/2647807
1664,,https://crowdworks.jp/public/jobs/2694122
1665,,https://crowdworks.jp/public/jobs/2628507
1666,,https://crowdworks.jp/public/jobs/2624903
1667,,https://crowdworks.jp/public/jobs/2772327
1668,,https://crowdworks.jp/public/jobs/2771669
1669,,https://crowdworks.jp/public/jobs/2772079
1671,,https://crowdworks.jp/public/jobs/2713194
1672,,https://crowdworks.jp/public/jobs/2451072
1673,,https://crowdworks.jp/public/jobs/2771534
1674,,https://crowdworks.jp/public/jobs/2771001
1675,,https://crowdworks.jp/public/jobs/2770999
1676,,https://crowdworks.jp/public/jobs/2770976
1680,,https://crowdworks.jp/public/jobs/2770856
1681,,https://crowdworks.jp/public/jobs/2770576
1682,,https://crowdworks.jp/public/jobs/2770512
1683,,https://crowdworks.jp/public/jobs/2770357
1684,,https://crowdworks.jp/public/jobs/2770257
1685,,https://crowdworks.jp/public/jobs/2770165
1686,,https://crowdworks.jp/public/jobs/2770148
1687,,https://crowdworks.jp/public/jobs/2769610
1688,,https://crowdworks.jp/public/jobs/2769545
1689,,https://crowdworks.jp/public/jobs/2769121
1692,,https://crowdworks.jp/public/jobs/2768946
1693,,https://crowdworks.jp/public/jobs/2700385
1694,,https://crowdworks.jp/public/jobs/2768465
1695,,https://crowdworks.jp/public/jobs/2768276
1696,,https://crowdworks.jp/public/jobs/2768251
1697,,https://crowdworks.jp/public/jobs/2768206
1698,,https://crowdworks.jp/public/jobs/2767902
1699,,https://crowdworks.jp/public/jobs/2767792
1700,,https://crowdworks.jp/public/jobs/2607344
1701,,https://crowdworks.jp/public/jobs/2607346
1703,,https://crowdworks.jp/public/jobs/2767640
1704,,https://crowdworks.jp/public/jobs/2647665
1705,,https://crowdworks.jp/public/jobs/2651295
1706,,https://crowdworks.jp/public/jobs/2632866
1707,,https://crowdworks.jp/public/jobs/2632845
1708,,https://crowdworks.jp/public/jobs/2706666
1709,,https://crowdworks.jp/public/jobs/2706779
1710,,https://crowdworks.jp/public/jobs/2706818
1711,,https://crowdworks.jp/public/jobs/2706802
1712,,https://crowdworks.jp/public/jobs/2706834
1713,,https://crowdworks.jp/public/jobs/2767610
1714,,https://crowdworks.jp/public/jobs/2767307
1715,,https://crowdworks.jp/public/jobs/2767306
1716,,https://crowdworks.jp/public/jobs/2767214
1717,,https://crowdworks.jp/public/jobs/2767200
1718,,https://crowdworks.jp/public/jobs/2767197
1719,,https://crowdworks.jp/public/jobs/2767074
1720,,https://crowdworks.jp/public/jobs/2767065
1721,,https://crowdworks.jp/public/jobs/2766991
1722,,https://crowdworks.jp/public/jobs/2766955
1723,,https://crowdworks.jp/public/jobs/2766954
1724,,https://crowdworks.jp/public/jobs/2766952
1725,,https://crowdworks.jp/public/jobs/2766948
1726,,https://crowdworks.jp/public/jobs/2534627
1727,,https://crowdworks.jp/public/jobs/2551048
1728,,https://crowdworks.jp/public/jobs/2766942
1729,,https://crowdworks.jp/public/jobs/2766938
1730,,https://crowdworks.jp/public/jobs/2766664
1731,,https://crowdworks.jp/public/jobs/2765862
1732,,https://crowdworks.jp/public/jobs/2765482
1734,,https://crowdworks.jp/public/jobs/2771957
1736,,https://crowdworks.jp/public/jobs/2765076
1737,,https://crowdworks.jp/public/jobs/2413802
1738,,https://crowdworks.jp/public/jobs/2195056
1739,,https://crowdworks.jp/public/jobs/2764028
1740,,https://crowdworks.jp/public/jobs/2763786
1741,,https://crowdworks.jp/public/jobs/2763211
1742,,https://crowdworks.jp/public/jobs/2763102
1743,,https://crowdworks.jp/public/jobs/2762902
1744,,https://crowdworks.jp/public/jobs/2762769
1745,,https://crowdworks.jp/public/jobs/2646481
1748,,https://crowdworks.jp/public/jobs/2762646
1749,,https://crowdworks.jp/public/jobs/2762429
1750,,https://crowdworks.jp/public/jobs/2762149
1751,,https://crowdworks.jp/public/jobs/2762101
1752,,https://crowdworks.jp/public/jobs/2762073
1753,,https://crowdworks.jp/public/jobs/1641953
1754,,https://crowdworks.jp/public/jobs/2761970
1755,,https://crowdworks.jp/public/jobs/2761914
1756,,https://crowdworks.jp/public/jobs/2761901
1757,,https://crowdworks.jp/public/jobs/2761897
1759,,https://crowdworks.jp/public/jobs/2761893
1760,,https://crowdworks.jp/public/jobs/2761781
1761,,https://crowdworks.jp/public/jobs/2411428
1762,,https://crowdworks.jp/public/jobs/2169568
1763,,https://crowdworks.jp/public/jobs/2761453
1764,,https://crowdworks.jp/public/jobs/2761106
1765,,https://crowdworks.jp/public/jobs/2761102
1766,,https://crowdworks.jp/public/jobs/2760567
1767,,https://crowdworks.jp/public/jobs/2760493
1768,,https://crowdworks.jp/public/jobs/2760373
1769,,https://crowdworks.jp/public/jobs/2760359
1770,,https://crowdworks.jp/public/jobs/2759439
1771,,https://crowdworks.jp/public/jobs/2758921
1772,,https://crowdworks.jp/public/jobs/2759044
1773,,https://crowdworks.jp/public/jobs/2760053
1774,,https://crowdworks.jp/public/jobs/2760047
1775,,https://crowdworks.jp/public/jobs/2760050
1776,,https://crowdworks.jp/public/jobs/2759874
1777,,https://crowdworks.jp/public/jobs/2758597
1778,,https://crowdworks.jp/public/jobs/2758373
1779,,https://crowdworks.jp/public/jobs/2757660
1780,,https://crowdworks.jp/public/jobs/2717285
1781,,https://crowdworks.jp/public/jobs/2407263
1782,,https://crowdworks.jp/public/jobs/2760256
1783,,https://crowdworks.jp/public/jobs/2760206
1784,,https://crowdworks.jp/public/jobs/2760145
1785,,https://crowdworks.jp/public/jobs/2760070
1786,,https://crowdworks.jp/public/jobs/2760015
1787,,https://crowdworks.jp/public/jobs/2759841
1788,,https://crowdworks.jp/public/jobs/2759606
1792,,https://crowdworks.jp/public/jobs/2759538
1793,,https://crowdworks.jp/public/jobs/2759497
1794,,https://crowdworks.jp/public/jobs/2758414
1795,,https://crowdworks.jp/public/jobs/2759460
1796,,https://crowdworks.jp/public/jobs/2759362
1797,,https://crowdworks.jp/public/jobs/2757312
1798,,https://crowdworks.jp/public/jobs/2756740
1799,,https://crowdworks.jp/public/jobs/2759036
1800,,https://crowdworks.jp/public/jobs/2756929
1801,,https://crowdworks.jp/public/jobs/2758517
1804,,https://crowdworks.jp/public/jobs/2758465
1805,,https://crowdworks.jp/public/jobs/2758416
1806,,https://crowdworks.jp/public/jobs/2758412
1807,,https://crowdworks.jp/public/jobs/2758389
1808,,https://crowdworks.jp/public/jobs/2758376
1809,,https://crowdworks.jp/public/jobs/2758297
1810,,https://crowdworks.jp/public/jobs/2758119
1811,,https://crowdworks.jp/public/jobs/2758078
1812,,https://crowdworks.jp/public/jobs/2758045
1813,,https://crowdworks.jp/public/jobs/2758025
1815,,https://crowdworks.jp/public/jobs/2757944
1816,,https://crowdworks.jp/public/jobs/2757924
1817,,https://crowdworks.jp/public/jobs/2757795
1818,,https://crowdworks.jp/public/jobs/2757387
1819,,https://crowdworks.jp/public/jobs/2756950
1820,,https://crowdworks.jp/public/jobs/2756858
1821,,https://crowdworks.jp/public/jobs/2756354
1822,,https://crowdworks.jp/public/jobs/2756180
1823,,https://crowdworks.jp/public/jobs/2755833
1824,,https://crowdworks.jp/public/jobs/2755827
1825,,https://crowdworks.jp/public/jobs/2755807
1826,,https://crowdworks.jp/public/jobs/2755727
1827,,https://crowdworks.jp/public/jobs/2755585
1828,,https://crowdworks.jp/public/jobs/2756074
1829,,https://crowdworks.jp/public/jobs/2756057
1830,,https://crowdworks.jp/public/jobs/2755967
1831,,https://crowdworks.jp/public/jobs/2755846
1832,,https://crowdworks.jp/public/jobs/2755841
1833,,https://crowdworks.jp/public/jobs/2755792
1834,,https://crowdworks.jp/public/jobs/2755660
1835,,https://crowdworks.jp/public/jobs/2755631
1836,,https://crowdworks.jp/public/jobs/2755504
1837,,https://crowdworks.jp/public/jobs/2755440
1838,,https://crowdworks.jp/public/jobs/2755084
1839,,https://crowdworks.jp/public/jobs/2755046
1840,,https://crowdworks.jp/public/jobs/2755396
1841,,https://crowdworks.jp/public/jobs/2755309
1842,,https://crowdworks.jp/public/jobs/2755305
1843,,https://crowdworks.jp/public/jobs/2755297
1844,,https://crowdworks.jp/public/jobs/2755281
1847,,https://crowdworks.jp/public/jobs/2763793
1848,,https://crowdworks.jp/public/jobs/2755130
1849,,https://crowdworks.jp/public/jobs/2754973
1850,,https://crowdworks.jp/public/jobs/2754711
1851,,https://crowdworks.jp/public/jobs/2754733
1852,,https://crowdworks.jp/public/jobs/2754571
1853,,https://crowdworks.jp/public/jobs/2754930
1854,,https://crowdworks.jp/public/jobs/2754920
1855,,https://crowdworks.jp/public/jobs/2754159
1856,,https://crowdworks.jp/public/jobs/2753653
1857,,https://crowdworks.jp/public/jobs/2753930
1860,,https://crowdworks.jp/public/jobs/2753647
1861,,https://crowdworks.jp/public/jobs/2753641
1862,,https://crowdworks.jp/public/jobs/2753376
1863,,https://crowdworks.jp/public/jobs/2753452
1864,,https://crowdworks.jp/public/jobs/2753318
1865,,https://crowdworks.jp/public/jobs/2753334
1866,,https://crowdworks.jp/public/jobs/2753131
1867,,https://crowdworks.jp/public/jobs/2753207
1868,,https://crowdworks.jp/public/jobs/2753032
1869,,https://crowdworks.jp/public/jobs/2753011
1871,,https://crowdworks.jp/public/jobs/2752894
1872,,https://crowdworks.jp/public/jobs/2752581
1873,,https://crowdworks.jp/public/jobs/2752540
1874,,https://crowdworks.jp/public/jobs/2668274
1875,,https://crowdworks.jp/public/jobs/2688055
1876,,https://crowdworks.jp/public/jobs/2754780
1877,,https://crowdworks.jp/public/jobs/2754779
1878,,https://crowdworks.jp/public/jobs/2754751
1879,,https://crowdworks.jp/public/jobs/2630594
1880,,https://crowdworks.jp/public/jobs/2754564
1881,,https://crowdworks.jp/public/jobs/2754550
1882,,https://crowdworks.jp/public/jobs/2754538
1883,,https://crowdworks.jp/public/jobs/2754528
1884,,https://crowdworks.jp/public/jobs/2754526
1885,,https://crowdworks.jp/public/jobs/2754525
1886,,https://crowdworks.jp/public/jobs/2754524
1887,,https://crowdworks.jp/public/jobs/2754517
1888,,https://crowdworks.jp/public/jobs/2754443
1889,,https://crowdworks.jp/public/jobs/2754416
1890,,https://crowdworks.jp/public/jobs/2754173
1891,,https://crowdworks.jp/public/jobs/2754091
1892,,https://crowdworks.jp/public/jobs/2693608
1893,,https://crowdworks.jp/public/jobs/2753815
1894,,https://crowdworks.jp/public/jobs/2491807
1895,,https://crowdworks.jp/public/jobs/2614109
1896,,https://crowdworks.jp/public/jobs/2615825
1897,,https://crowdworks.jp/public/jobs/2753366
1898,,https://crowdworks.jp/public/jobs/2753364
1899,,https://crowdworks.jp/public/jobs/2626881
1900,,https://crowdworks.jp/public/jobs/2691902
1903,,https://crowdworks.jp/public/jobs/2788488
1905,,https://crowdworks.jp/public/jobs/2752793
1906,,https://crowdworks.jp/public/jobs/2752778
1907,,https://crowdworks.jp/public/jobs/2752649
1908,,https://crowdworks.jp/public/jobs/2752514
1909,,https://crowdworks.jp/public/jobs/2752504
1910,,https://crowdworks.jp/public/jobs/2752495
1911,,https://crowdworks.jp/public/jobs/2752382
1912,,https://crowdworks.jp/public/jobs/2752346
1913,,https://crowdworks.jp/public/jobs/2167051
1916,,https://crowdworks.jp/public/jobs/2205377
1917,,https://crowdworks.jp/public/jobs/2751959
1918,,https://crowdworks.jp/public/jobs/2751810
1919,,https://crowdworks.jp/public/jobs/2751491
1920,,https://crowdworks.jp/public/jobs/2751471
1921,,https://crowdworks.jp/public/jobs/2007433
1922,,https://crowdworks.jp/public/jobs/2752275
1923,,https://crowdworks.jp/public/jobs/2752160
1924,,https://crowdworks.jp/public/jobs/2752140
1925,,https://crowdworks.jp/public/jobs/2752125
1927,,https://crowdworks.jp/public/jobs/2752121
1928,,https://crowdworks.jp/public/jobs/2752036
1929,,https://crowdworks.jp/public/jobs/2751821
1930,,https://crowdworks.jp/public/jobs/2751256
1931,,https://crowdworks.jp/public/jobs/2751621
1932,,https://crowdworks.jp/public/jobs/2751611
1933,,https://crowdworks.jp/public/jobs/2751350
1934,,https://crowdworks.jp/public/jobs/2751523
1935,,https://crowdworks.jp/public/jobs/2751506
1936,,https://crowdworks.jp/public/jobs/2751498
1937,,https://crowdworks.jp/public/jobs/2751391
1938,,https://crowdworks.jp/public/jobs/2750384
1939,,https://crowdworks.jp/public/jobs/2750158
1940,,https://crowdworks.jp/public/jobs/2750349
1941,,https://crowdworks.jp/public/jobs/2750046
1942,,https://crowdworks.jp/public/jobs/2733968
1943,,https://crowdworks.jp/public/jobs/2751186
1944,,https://crowdworks.jp/public/jobs/2751101
1945,,https://crowdworks.jp/public/jobs/2751065
1946,,https://crowdworks.jp/public/jobs/2750989
1947,,https://crowdworks.jp/public/jobs/2750958
1948,,https://crowdworks.jp/public/jobs/2750648
1949,,https://crowdworks.jp/public/jobs/2750546
1950,,https://crowdworks.jp/public/jobs/2750540
1951,,https://crowdworks.jp/public/jobs/2750448
1952,,https://crowdworks.jp/public/jobs/2536703
1953,,https://crowdworks.jp/public/jobs/2749976
1954,,https://crowdworks.jp/public/jobs/2749970
1955,,https://crowdworks.jp/public/jobs/2749877
1956,,https://crowdworks.jp/public/jobs/2785967
1958,,https://crowdworks.jp/public/jobs/2798998
1959,,https://crowdworks.jp/public/jobs/2614679
1960,,https://crowdworks.jp/public/jobs/2313319
1961,,https://crowdworks.jp/public/jobs/2811840
1962,,https://crowdworks.jp/public/jobs/1968528
1963,,https://crowdworks.jp/public/jobs/1968534
1964,,https://crowdworks.jp/public/jobs/2182667
1965,,https://crowdworks.jp/public/jobs/2182674
1966,,https://crowdworks.jp/public/jobs/2811303
1967,,https://crowdworks.jp/public/jobs/2357922
1968,,https://crowdworks.jp/public/jobs/2760508
1971,,https://crowdworks.jp/public/jobs/2810348
1972,,https://crowdworks.jp/public/jobs/2810077
1973,,https://crowdworks.jp/public/jobs/2809639
1974,,https://crowdworks.jp/public/jobs/2809445
1975,,https://crowdworks.jp/public/jobs/2809436
1976,,https://crowdworks.jp/public/jobs/2809000
1977,,https://crowdworks.jp/public/jobs/2808930
1978,,https://crowdworks.jp/public/jobs/2808942
1979,,https://crowdworks.jp/public/jobs/2809226
1980,,https://crowdworks.jp/public/jobs/2808806
1982,,https://crowdworks.jp/public/jobs/2808785
1983,,https://crowdworks.jp/public/jobs/2598484
1984,,https://crowdworks.jp/public/jobs/2364991
1985,,https://crowdworks.jp/public/jobs/1935758
1986,,https://crowdworks.jp/public/jobs/2806991
1987,,https://crowdworks.jp/public/jobs/2097853
1988,,https://crowdworks.jp/public/jobs/2097854
1989,,https://crowdworks.jp/public/jobs/2167001
1990,,https://crowdworks.jp/public/jobs/2167025
1991,,https://crowdworks.jp/public/jobs/2167028
1992,,https://crowdworks.jp/public/jobs/2807723
1993,,https://crowdworks.jp/public/jobs/2807399
1994,,https://crowdworks.jp/public/jobs/2807397
1995,,https://crowdworks.jp/public/jobs/2807182
1996,,https://crowdworks.jp/public/jobs/2806934
1997,,https://crowdworks.jp/public/jobs/2669574
1998,,https://crowdworks.jp/public/jobs/2594509
1999,,https://crowdworks.jp/public/jobs/1421230
2000,,https://crowdworks.jp/public/jobs/1523926
2001,,https://crowdworks.jp/public/jobs/1708490
2002,,https://crowdworks.jp/public/jobs/1786545
2003,,https://crowdworks.jp/public/jobs/2805801
2004,,https://crowdworks.jp/public/jobs/2802925
2005,,https://crowdworks.jp/public/jobs/2802829
2006,,https://crowdworks.jp/public/jobs/2803680
2007,,https://crowdworks.jp/public/jobs/2803464
2008,,https://crowdworks.jp/public/jobs/2805498
2009,,https://crowdworks.jp/public/jobs/2802137
2010,,https://crowdworks.jp/public/jobs/2801341
2015,,https://crowdworks.jp/public/jobs/2801117
2016,,https://crowdworks.jp/public/jobs/2800431
2017,,https://crowdworks.jp/public/jobs/2716206
2018,,https://crowdworks.jp/public/jobs/2362779
2019,,https://crowdworks.jp/public/jobs/2793813
2020,,https://crowdworks.jp/public/jobs/2793379
2021,,https://crowdworks.jp/public/jobs/2793196
2022,,https://crowdworks.jp/public/jobs/2793175
2023,,https://crowdworks.jp/public/jobs/2166467
2024,,https://crowdworks.jp/public/jobs/2792794
2027,,https://crowdworks.jp/public/jobs/2804818
2028,,https://crowdworks.jp/public/jobs/2804811
2029,,https://crowdworks.jp/public/jobs/2321755
2030,,https://crowdworks.jp/public/jobs/2676787
2031,,https://crowdworks.jp/public/jobs/2803022
2032,,https://crowdworks.jp/public/jobs/2241818
2033,,https://crowdworks.jp/public/jobs/2799542
2034,,https://crowdworks.jp/public/jobs/2422909
2035,,https://crowdworks.jp/public/jobs/2795274
2036,,https://crowdworks.jp/public/jobs/2557867
2038,,https://crowdworks.jp/public/jobs/2793900
2039,,https://crowdworks.jp/public/jobs/2526795
2040,,https://crowdworks.jp/public/jobs/2791244
2041,,https://crowdworks.jp/public/jobs/2791495
2042,,https://crowdworks.jp/public/jobs/2791129
2043,,https://crowdworks.jp/public/jobs/2791123
2044,,https://crowdworks.jp/public/jobs/2791118
2045,,https://crowdworks.jp/public/jobs/2791113
2046,,https://crowdworks.jp/public/jobs/2791109
2047,,https://crowdworks.jp/public/jobs/2790979
2048,,https://crowdworks.jp/public/jobs/2789967
2049,,https://crowdworks.jp/public/jobs/2789147
2050,,https://crowdworks.jp/public/jobs/2431005
2051,,https://crowdworks.jp/public/jobs/2788911
2052,,https://crowdworks.jp/public/jobs/2788915
2053,,https://crowdworks.jp/public/jobs/2789502
2054,,https://crowdworks.jp/public/jobs/2788823
2055,,https://crowdworks.jp/public/jobs/2783187
2056,,https://crowdworks.jp/public/jobs/2705098
2057,,https://crowdworks.jp/public/jobs/2788344
2058,,https://crowdworks.jp/public/jobs/2787587
2059,,https://crowdworks.jp/public/jobs/2787562
2060,,https://crowdworks.jp/public/jobs/2787081
2061,,https://crowdworks.jp/public/jobs/891726
2062,,https://crowdworks.jp/public/jobs/550401
2063,,https://crowdworks.jp/public/jobs/2786490
2064,,https://crowdworks.jp/public/jobs/2056185
2065,,https://crowdworks.jp/public/jobs/2786297
2066,,https://crowdworks.jp/public/jobs/2785934
2067,,https://crowdworks.jp/public/jobs/2785466
2070,,https://crowdworks.jp/public/jobs/2785943
2071,,https://crowdworks.jp/public/jobs/2785462
2072,,https://crowdworks.jp/public/jobs/2784844
2073,,https://crowdworks.jp/public/jobs/2784787
2074,,https://crowdworks.jp/public/jobs/2709891
2075,,https://crowdworks.jp/public/jobs/2782166
2076,,https://crowdworks.jp/public/jobs/2782158
2077,,https://crowdworks.jp/public/jobs/2782163
2078,,https://crowdworks.jp/public/jobs/2782172
2079,,https://crowdworks.jp/public/jobs/2781949
2080,,https://crowdworks.jp/public/jobs/2419421
2081,,https://crowdworks.jp/public/jobs/2800710
2083,,https://crowdworks.jp/public/jobs/2782191
2084,,https://crowdworks.jp/public/jobs/2718590
2085,,https://crowdworks.jp/public/jobs/2074802
2086,,https://crowdworks.jp/public/jobs/2778692
2087,,https://crowdworks.jp/public/jobs/2777700
2088,,https://crowdworks.jp/public/jobs/2777801
2089,,https://crowdworks.jp/public/jobs/2474030
2090,,https://crowdworks.jp/public/jobs/2776683
2091,,https://crowdworks.jp/public/jobs/2776574
2092,,https://crowdworks.jp/public/jobs/2775145
2094,,https://crowdworks.jp/public/jobs/2774589
2095,,https://crowdworks.jp/public/jobs/2777029
2096,,https://crowdworks.jp/public/jobs/2777028
2097,,https://crowdworks.jp/public/jobs/2776855
2098,,https://crowdworks.jp/public/jobs/2776822
2099,,https://crowdworks.jp/public/jobs/2776761
2100,,https://crowdworks.jp/public/jobs/776350
2101,,https://crowdworks.jp/public/jobs/2770422
2102,,https://crowdworks.jp/public/jobs/2755374
2103,,https://crowdworks.jp/public/jobs/2765705
2104,,https://crowdworks.jp/public/jobs/2772050
2105,,https://crowdworks.jp/public/jobs/2771052
2106,,https://crowdworks.jp/public/jobs/2760718
2107,,https://crowdworks.jp/public/jobs/1641365
2108,,https://crowdworks.jp/public/jobs/1971196
2109,,https://crowdworks.jp/public/jobs/2770056
2110,,https://crowdworks.jp/public/jobs/2769107
2111,,https://crowdworks.jp/public/jobs/2607347
2112,,https://crowdworks.jp/public/jobs/2767477
2113,,https://crowdworks.jp/public/jobs/2766851
2114,,https://crowdworks.jp/public/jobs/2765729
2115,,https://crowdworks.jp/public/jobs/2686703
2116,,https://crowdworks.jp/public/jobs/2765057
2117,,https://crowdworks.jp/public/jobs/2764887
2118,,https://crowdworks.jp/public/jobs/2764813
2119,,https://crowdworks.jp/public/jobs/2764482
2120,,https://crowdworks.jp/public/jobs/2763450
2121,,https://crowdworks.jp/public/jobs/2763185
2122,,https://crowdworks.jp/public/jobs/2178884
2124,,https://crowdworks.jp/public/jobs/2753129
2125,,https://crowdworks.jp/public/jobs/2791594
2127,,https://crowdworks.jp/public/jobs/2702031
2128,,https://crowdworks.jp/public/jobs/2440899
2129,,https://crowdworks.jp/public/jobs/2104159
2130,,https://crowdworks.jp/public/jobs/2169563
2131,,https://crowdworks.jp/public/jobs/2169570
2132,,https://crowdworks.jp/public/jobs/2303520
2133,,https://crowdworks.jp/public/jobs/2303528
2134,,https://crowdworks.jp/public/jobs/2697724
2135,,https://crowdworks.jp/public/jobs/2759653
2137,,https://crowdworks.jp/public/jobs/2789092
2138,,https://crowdworks.jp/public/jobs/2759470
2139,,https://crowdworks.jp/public/jobs/2759290
2140,,https://crowdworks.jp/public/jobs/2756365
2141,,https://crowdworks.jp/public/jobs/2758910
2142,,https://crowdworks.jp/public/jobs/2284946
2143,,https://crowdworks.jp/public/jobs/2691533
2144,,https://crowdworks.jp/public/jobs/2699281
2145,,https://crowdworks.jp/public/jobs/2696053
2146,,https://crowdworks.jp/public/jobs/2696056
2147,,https://crowdworks.jp/public/jobs/2696059
2149,,https://crowdworks.jp/public/jobs/2753649
2150,,https://crowdworks.jp/public/jobs/2750467
2151,,https://crowdworks.jp/public/jobs/2695192
2152,,https://crowdworks.jp/public/jobs/2498776
2153,,https://crowdworks.jp/public/jobs/1715669
2154,,https://crowdworks.jp/public/jobs/2754537
2155,,https://crowdworks.jp/public/jobs/2753849
2156,,https://crowdworks.jp/public/jobs/2752893
2157,,https://crowdworks.jp/public/jobs/2102842
2158,,https://crowdworks.jp/public/jobs/2102864
2159,,https://crowdworks.jp/public/jobs/2102877
2160,,https://crowdworks.jp/public/jobs/2102870
2161,,https://crowdworks.jp/public/jobs/2167031
2162,,https://crowdworks.jp/public/jobs/2167034
2163,,https://crowdworks.jp/public/jobs/2205353
2164,,https://crowdworks.jp/public/jobs/2205384
2165,,https://crowdworks.jp/public/jobs/2205386
2166,,https://crowdworks.jp/public/jobs/2690836
2167,,https://crowdworks.jp/public/jobs/2690841
2168,,https://crowdworks.jp/public/jobs/2049438
2169,,https://crowdworks.jp/public/jobs/2751966
2170,,https://crowdworks.jp/public/jobs/2751894
2171,,https://crowdworks.jp/public/jobs/2568904
2172,,https://crowdworks.jp/public/jobs/2747364
2173,,https://crowdworks.jp/public/jobs/2182677
2174,,https://crowdworks.jp/public/jobs/2811066
2175,,https://crowdworks.jp/public/jobs/2336824
2176,,https://crowdworks.jp/public/jobs/2246094
2177,,https://crowdworks.jp/public/jobs/2282471
2178,,https://crowdworks.jp/public/jobs/2340168
2179,,https://crowdworks.jp/public/jobs/2786856
2180,,https://crowdworks.jp/public/jobs/2762457
2181,,https://crowdworks.jp/public/jobs/2785999
2182,,https://crowdworks.jp/public/jobs/2166999
2183,,https://crowdworks.jp/public/jobs/2167014
2184,,https://crowdworks.jp/public/jobs/2167030
2185,,https://crowdworks.jp/public/jobs/2506810
2186,,https://crowdworks.jp/public/jobs/2807049
2187,,https://crowdworks.jp/public/jobs/2804605
2188,,https://crowdworks.jp/public/jobs/2805496
2189,,https://crowdworks.jp/public/jobs/2793668
2190,,https://crowdworks.jp/public/jobs/2793686
2191,,https://crowdworks.jp/public/jobs/2799380
2192,,https://crowdworks.jp/public/jobs/2786378
2193,,https://crowdworks.jp/public/jobs/2654845
2194,,https://crowdworks.jp/public/jobs/2792379
2195,,https://crowdworks.jp/public/jobs/2791588
2196,,https://crowdworks.jp/public/jobs/2280521
2197,,https://crowdworks.jp/public/jobs/2608787
2198,,https://crowdworks.jp/public/jobs/2784891
2199,,https://crowdworks.jp/public/jobs/2784879
2200,,https://crowdworks.jp/public/jobs/2625293
2201,,https://crowdworks.jp/public/jobs/2781780
2202,,https://crowdworks.jp/public/jobs/2779676
2203,,https://crowdworks.jp/public/jobs/2781397
2204,,https://crowdworks.jp/public/jobs/2750872
2205,,https://crowdworks.jp/public/jobs/2167776
2206,,https://crowdworks.jp/public/jobs/2169559
2207,,https://crowdworks.jp/public/jobs/1474483
2208,,https://crowdworks.jp/public/jobs/2699380
2209,,https://crowdworks.jp/public/jobs/2097851
2210,,https://crowdworks.jp/public/jobs/2102840
2211,,https://crowdworks.jp/public/jobs/2103570
2212,,https://crowdworks.jp/public/jobs/2103573
2213,,https://crowdworks.jp/public/jobs/2134053
2214,,https://crowdworks.jp/public/jobs/2167032
2215,,https://crowdworks.jp/public/jobs/2167039
2216,,https://crowdworks.jp/public/jobs/2809337
2217,,https://crowdworks.jp/public/jobs/2807110
2218,,https://crowdworks.jp/public/jobs/2537448
2219,,https://crowdworks.jp/public/jobs/2775208
2220,,https://crowdworks.jp/public/jobs/2593463
2221,,https://crowdworks.jp/public/jobs/2705826
2222,,https://crowdworks.jp/public/jobs/2028129
2223,,https://crowdworks.jp/public/jobs/1968527
2224,,https://crowdworks.jp/public/jobs/2787445
2225,,https://crowdworks.jp/public/jobs/2778068
2226,,https://crowdworks.jp/public/jobs/2778073
2227,,https://crowdworks.jp/public/jobs/2362748
2228,,https://crowdworks.jp/public/jobs/2750362
2229,,https://crowdworks.jp/public/jobs/2167018
2230,,https://crowdworks.jp/public/jobs/2787450
2231,,https://crowdworks.jp/public/jobs/2787439
2232,,https://crowdworks.jp/public/jobs/2289304
2233,,https://crowdworks.jp/public/jobs/2280512
2234,,https://crowdworks.jp/public/jobs/2550849
