,title,link
50,gazou,https://crowdworks.jp/public/jobs/2718419
51,gazou,https://crowdworks.jp/public/jobs/2718411
52,gazou,https://crowdworks.jp/public/jobs/2715925
53,gazou,https://crowdworks.jp/public/jobs/2715719
54,gazou,https://crowdworks.jp/public/jobs/2712771
55,gazou,https://crowdworks.jp/public/jobs/2712084
56,gazou,https://crowdworks.jp/public/jobs/2710605
57,gazou,https://crowdworks.jp/public/jobs/2703816
58,gazou,https://crowdworks.jp/public/jobs/2703431
59,gazou,https://crowdworks.jp/public/jobs/2699091
60,gazou,https://crowdworks.jp/public/jobs/2696304
61,gazou,https://crowdworks.jp/public/jobs/2696204
62,gazou,https://crowdworks.jp/public/jobs/2696205
63,gazou,https://crowdworks.jp/public/jobs/2688874
64,gazou,https://crowdworks.jp/public/jobs/2687913
65,gazou,https://crowdworks.jp/public/jobs/2687874
66,gazou,https://crowdworks.jp/public/jobs/2687905
67,gazou,https://crowdworks.jp/public/jobs/2687828
68,gazou,https://crowdworks.jp/public/jobs/2687701
69,gazou,https://crowdworks.jp/public/jobs/2687739
70,gazou,https://crowdworks.jp/public/jobs/2687770
71,gazou,https://crowdworks.jp/public/jobs/2669655
72,gazou,https://crowdworks.jp/public/jobs/2669625
73,gazou,https://crowdworks.jp/public/jobs/2668592
74,gazou,https://crowdworks.jp/public/jobs/2666192
75,gazou,https://crowdworks.jp/public/jobs/2665439
76,gazou,https://crowdworks.jp/public/jobs/2664857
77,gazou,https://crowdworks.jp/public/jobs/2664738
78,gazou,https://crowdworks.jp/public/jobs/2656866
79,gazou,https://crowdworks.jp/public/jobs/2656869
80,gazou,https://crowdworks.jp/public/jobs/2656874
81,gazou,https://crowdworks.jp/public/jobs/2656876
82,gazou,https://crowdworks.jp/public/jobs/2649739
83,gazou,https://crowdworks.jp/public/jobs/2653050
84,gazou,https://crowdworks.jp/public/jobs/1299138
85,gazou,https://crowdworks.jp/public/jobs/2650410
86,gazou,https://crowdworks.jp/public/jobs/2646846
87,gazou,https://crowdworks.jp/public/jobs/2645485
88,gazou,https://crowdworks.jp/public/jobs/2643238
89,gazou,https://crowdworks.jp/public/jobs/2638309
90,gazou,https://crowdworks.jp/public/jobs/2638268
91,gazou,https://crowdworks.jp/public/jobs/2638244
92,gazou,https://crowdworks.jp/public/jobs/2633132
93,gazou,https://crowdworks.jp/public/jobs/2626271
94,gazou,https://crowdworks.jp/public/jobs/2615910
95,gazou,https://crowdworks.jp/public/jobs/2615695
96,gazou,https://crowdworks.jp/public/jobs/2614699
97,gazou,https://crowdworks.jp/public/jobs/2612666
98,gazou,https://crowdworks.jp/public/jobs/2611912
99,gazou,https://crowdworks.jp/public/jobs/2611206
100,gazou,https://crowdworks.jp/public/jobs/2611185
101,gazou,https://crowdworks.jp/public/jobs/2610521
102,gazou,https://crowdworks.jp/public/jobs/2610473
103,gazou,https://crowdworks.jp/public/jobs/2610500
104,gazou,https://crowdworks.jp/public/jobs/2609887
105,gazou,https://crowdworks.jp/public/jobs/2609466
106,gazou,https://crowdworks.jp/public/jobs/2609436
107,gazou,https://crowdworks.jp/public/jobs/2609333
108,gazou,https://crowdworks.jp/public/jobs/2586929
109,gazou,https://crowdworks.jp/public/jobs/2602434
110,gazou,https://crowdworks.jp/public/jobs/2597867
111,gazou,https://crowdworks.jp/public/jobs/2590811
112,gazou,https://crowdworks.jp/public/jobs/2589145
113,gazou,https://crowdworks.jp/public/jobs/2586694
114,gazou,https://crowdworks.jp/public/jobs/2584658
115,gazou,https://crowdworks.jp/public/jobs/2581462
116,gazou,https://crowdworks.jp/public/jobs/2584382
117,gazou,https://crowdworks.jp/public/jobs/2582702
118,gazou,https://crowdworks.jp/public/jobs/2580896
119,gazou,https://crowdworks.jp/public/jobs/2580522
120,gazou,https://crowdworks.jp/public/jobs/2580735
121,gazou,https://crowdworks.jp/public/jobs/2578265
122,gazou,https://crowdworks.jp/public/jobs/2577758
123,gazou,https://crowdworks.jp/public/jobs/2577750
124,gazou,https://crowdworks.jp/public/jobs/2577423
125,gazou,https://crowdworks.jp/public/jobs/2550638
126,gazou,https://crowdworks.jp/public/jobs/2567953
127,gazou,https://crowdworks.jp/public/jobs/2564121
128,gazou,https://crowdworks.jp/public/jobs/2563313
129,gazou,https://crowdworks.jp/public/jobs/2549010
130,gazou,https://crowdworks.jp/public/jobs/2498989
131,gazou,https://crowdworks.jp/public/jobs/2444633
132,gazou,https://crowdworks.jp/public/jobs/2546840
133,gazou,https://crowdworks.jp/public/jobs/2546709
134,gazou,https://crowdworks.jp/public/jobs/2546659
135,gazou,https://crowdworks.jp/public/jobs/2539032
136,gazou,https://crowdworks.jp/public/jobs/2539031
137,gazou,https://crowdworks.jp/public/jobs/2539019
138,gazou,https://crowdworks.jp/public/jobs/2539044
139,gazou,https://crowdworks.jp/public/jobs/2538240
140,gazou,https://crowdworks.jp/public/jobs/2530673
141,gazou,https://crowdworks.jp/public/jobs/2528798
142,gazou,https://crowdworks.jp/public/jobs/2521449
143,gazou,https://crowdworks.jp/public/jobs/2520532
144,gazou,https://crowdworks.jp/public/jobs/2515261
145,gazou,https://crowdworks.jp/public/jobs/2513608
146,gazou,https://crowdworks.jp/public/jobs/2513614
147,gazou,https://crowdworks.jp/public/jobs/2511214
148,gazou,https://crowdworks.jp/public/jobs/2509112
149,gazou,https://crowdworks.jp/public/jobs/2502155
150,gazou,https://crowdworks.jp/public/jobs/2498987
151,gazou,https://crowdworks.jp/public/jobs/2496562
152,gazou,https://crowdworks.jp/public/jobs/2495446
153,gazou,https://crowdworks.jp/public/jobs/2493845
154,gazou,https://crowdworks.jp/public/jobs/2494270
155,gazou,https://crowdworks.jp/public/jobs/2486940
156,gazou,https://crowdworks.jp/public/jobs/2457469
157,gazou,https://crowdworks.jp/public/jobs/2455295
158,gazou,https://crowdworks.jp/public/jobs/2455280
159,gazou,https://crowdworks.jp/public/jobs/2455234
160,gazou,https://crowdworks.jp/public/jobs/2452649
161,gazou,https://crowdworks.jp/public/jobs/2451745
162,gazou,https://crowdworks.jp/public/jobs/2451366
163,gazou,https://crowdworks.jp/public/jobs/2447702
164,gazou,https://crowdworks.jp/public/jobs/2427761
165,gazou,https://crowdworks.jp/public/jobs/2427757
166,gazou,https://crowdworks.jp/public/jobs/2427749
167,gazou,https://crowdworks.jp/public/jobs/2427733
168,gazou,https://crowdworks.jp/public/jobs/2424530
169,gazou,https://crowdworks.jp/public/jobs/2148800
170,gazou,https://crowdworks.jp/public/jobs/2421741
171,gazou,https://crowdworks.jp/public/jobs/2412492
172,gazou,https://crowdworks.jp/public/jobs/2409651
173,gazou,https://crowdworks.jp/public/jobs/2404312
174,gazou,https://crowdworks.jp/public/jobs/2398429
175,gazou,https://crowdworks.jp/public/jobs/2396109
176,gazou,https://crowdworks.jp/public/jobs/2393085
177,gazou,https://crowdworks.jp/public/jobs/2392970
178,gazou,https://crowdworks.jp/public/jobs/2389352
179,gazou,https://crowdworks.jp/public/jobs/2387146
180,gazou,https://crowdworks.jp/public/jobs/2387117
181,gazou,https://crowdworks.jp/public/jobs/2385653
182,gazou,https://crowdworks.jp/public/jobs/2383805
183,gazou,https://crowdworks.jp/public/jobs/2362298
184,gazou,https://crowdworks.jp/public/jobs/2349719
185,gazou,https://crowdworks.jp/public/jobs/2347174
186,gazou,https://crowdworks.jp/public/jobs/2347172
187,gazou,https://crowdworks.jp/public/jobs/2347169
188,gazou,https://crowdworks.jp/public/jobs/2347163
189,gazou,https://crowdworks.jp/public/jobs/2346766
190,gazou,https://crowdworks.jp/public/jobs/2328588
191,gazou,https://crowdworks.jp/public/jobs/2327697
192,gazou,https://crowdworks.jp/public/jobs/2325688
193,gazou,https://crowdworks.jp/public/jobs/2324183
194,gazou,https://crowdworks.jp/public/jobs/2286543
195,gazou,https://crowdworks.jp/public/jobs/2320934
196,gazou,https://crowdworks.jp/public/jobs/2319871
197,gazou,https://crowdworks.jp/public/jobs/2301003
198,gazou,https://crowdworks.jp/public/jobs/2288089
199,gazou,https://crowdworks.jp/public/jobs/2287806
200,gazou,https://crowdworks.jp/public/jobs/2287814
201,gazou,https://crowdworks.jp/public/jobs/2287820
202,gazou,https://crowdworks.jp/public/jobs/2285756
203,gazou,https://crowdworks.jp/public/jobs/2282363
204,gazou,https://crowdworks.jp/public/jobs/2282321
205,gazou,https://crowdworks.jp/public/jobs/2279117
206,gazou,https://crowdworks.jp/public/jobs/2278780
207,gazou,https://crowdworks.jp/public/jobs/2278617
208,gazou,https://crowdworks.jp/public/jobs/2277752
209,gazou,https://crowdworks.jp/public/jobs/2277740
210,gazou,https://crowdworks.jp/public/jobs/2276424
211,gazou,https://crowdworks.jp/public/jobs/2271905
212,gazou,https://crowdworks.jp/public/jobs/2267369
213,gazou,https://crowdworks.jp/public/jobs/2266733
214,gazou,https://crowdworks.jp/public/jobs/2265337
215,gazou,https://crowdworks.jp/public/jobs/2263460
216,gazou,https://crowdworks.jp/public/jobs/2262796
217,gazou,https://crowdworks.jp/public/jobs/2260984
218,gazou,https://crowdworks.jp/public/jobs/2259899
219,gazou,https://crowdworks.jp/public/jobs/2259194
220,gazou,https://crowdworks.jp/public/jobs/2259191
221,gazou,https://crowdworks.jp/public/jobs/2259021
222,gazou,https://crowdworks.jp/public/jobs/2258027
223,gazou,https://crowdworks.jp/public/jobs/2256404
224,gazou,https://crowdworks.jp/public/jobs/2256166
225,gazou,https://crowdworks.jp/public/jobs/2256159
226,gazou,https://crowdworks.jp/public/jobs/2256156
227,gazou,https://crowdworks.jp/public/jobs/2256115
228,gazou,https://crowdworks.jp/public/jobs/2255840
229,gazou,https://crowdworks.jp/public/jobs/2255522
230,gazou,https://crowdworks.jp/public/jobs/2255520
231,gazou,https://crowdworks.jp/public/jobs/2255514
232,gazou,https://crowdworks.jp/public/jobs/2255494
233,gazou,https://crowdworks.jp/public/jobs/2254476
234,gazou,https://crowdworks.jp/public/jobs/2247248
235,gazou,https://crowdworks.jp/public/jobs/2246405
236,gazou,https://crowdworks.jp/public/jobs/2240469
237,gazou,https://crowdworks.jp/public/jobs/2241135
238,gazou,https://crowdworks.jp/public/jobs/2241231
239,gazou,https://crowdworks.jp/public/jobs/2241216
240,gazou,https://crowdworks.jp/public/jobs/2233225
241,gazou,https://crowdworks.jp/public/jobs/2218056
242,gazou,https://crowdworks.jp/public/jobs/2217914
243,gazou,https://crowdworks.jp/public/jobs/2213724
244,gazou,https://crowdworks.jp/public/jobs/2200046
245,gazou,https://crowdworks.jp/public/jobs/2204988
246,gazou,https://crowdworks.jp/public/jobs/2204562
247,gazou,https://crowdworks.jp/public/jobs/2204556
248,gazou,https://crowdworks.jp/public/jobs/2204547
249,gazou,https://crowdworks.jp/public/jobs/2204537
250,gazou,https://crowdworks.jp/public/jobs/2204531
251,gazou,https://crowdworks.jp/public/jobs/2199459
252,gazou,https://crowdworks.jp/public/jobs/2199463
253,gazou,https://crowdworks.jp/public/jobs/2186157
254,gazou,https://crowdworks.jp/public/jobs/2182377
255,gazou,https://crowdworks.jp/public/jobs/2181346
256,gazou,https://crowdworks.jp/public/jobs/2180513
257,gazou,https://crowdworks.jp/public/jobs/2178829
258,gazou,https://crowdworks.jp/public/jobs/2176834
259,gazou,https://crowdworks.jp/public/jobs/2176831
260,gazou,https://crowdworks.jp/public/jobs/2176830
261,gazou,https://crowdworks.jp/public/jobs/2176828
262,gazou,https://crowdworks.jp/public/jobs/2176824
263,gazou,https://crowdworks.jp/public/jobs/2175657
264,gazou,https://crowdworks.jp/public/jobs/2175646
265,gazou,https://crowdworks.jp/public/jobs/2172709
266,gazou,https://crowdworks.jp/public/jobs/2172434
267,gazou,https://crowdworks.jp/public/jobs/2166852
268,gazou,https://crowdworks.jp/public/jobs/2163813
269,gazou,https://crowdworks.jp/public/jobs/2163049
270,gazou,https://crowdworks.jp/public/jobs/2162832
271,gazou,https://crowdworks.jp/public/jobs/2162312
272,gazou,https://crowdworks.jp/public/jobs/2160898
273,gazou,https://crowdworks.jp/public/jobs/2155965
274,gazou,https://crowdworks.jp/public/jobs/2153805
275,gazou,https://crowdworks.jp/public/jobs/2153562
276,gazou,https://crowdworks.jp/public/jobs/2150265
277,gazou,https://crowdworks.jp/public/jobs/2147216
278,gazou,https://crowdworks.jp/public/jobs/2143705
279,gazou,https://crowdworks.jp/public/jobs/2140356
280,gazou,https://crowdworks.jp/public/jobs/2132473
281,gazou,https://crowdworks.jp/public/jobs/2140263
282,gazou,https://crowdworks.jp/public/jobs/2135103
283,gazou,https://crowdworks.jp/public/jobs/2135153
284,gazou,https://crowdworks.jp/public/jobs/2135030
285,gazou,https://crowdworks.jp/public/jobs/2132777
286,gazou,https://crowdworks.jp/public/jobs/2130421
287,gazou,https://crowdworks.jp/public/jobs/2129648
288,gazou,https://crowdworks.jp/public/jobs/2127265
289,gazou,https://crowdworks.jp/public/jobs/2126915
290,gazou,https://crowdworks.jp/public/jobs/912179
291,gazou,https://crowdworks.jp/public/jobs/2118614
292,gazou,https://crowdworks.jp/public/jobs/2116545
293,gazou,https://crowdworks.jp/public/jobs/2115141
294,gazou,https://crowdworks.jp/public/jobs/2106598
295,gazou,https://crowdworks.jp/public/jobs/2105648
296,gazou,https://crowdworks.jp/public/jobs/2105646
297,gazou,https://crowdworks.jp/public/jobs/2105637
298,gazou,https://crowdworks.jp/public/jobs/2105633
299,gazou,https://crowdworks.jp/public/jobs/2104288
300,gazou,https://crowdworks.jp/public/jobs/2101491
301,gazou,https://crowdworks.jp/public/jobs/2100789
302,gazou,https://crowdworks.jp/public/jobs/2100143
303,gazou,https://crowdworks.jp/public/jobs/2098945
304,gazou,https://crowdworks.jp/public/jobs/2095131
305,gazou,https://crowdworks.jp/public/jobs/2085904
306,gazou,https://crowdworks.jp/public/jobs/2083536
307,gazou,https://crowdworks.jp/public/jobs/2082255
308,gazou,https://crowdworks.jp/public/jobs/2080406
309,gazou,https://crowdworks.jp/public/jobs/2080404
310,gazou,https://crowdworks.jp/public/jobs/2079741
311,gazou,https://crowdworks.jp/public/jobs/2073403
312,gazou,https://crowdworks.jp/public/jobs/2077640
313,gazou,https://crowdworks.jp/public/jobs/2077574
314,gazou,https://crowdworks.jp/public/jobs/2068640
315,gazou,https://crowdworks.jp/public/jobs/2059586
316,gazou,https://crowdworks.jp/public/jobs/2056950
317,gazou,https://crowdworks.jp/public/jobs/2052706
318,gazou,https://crowdworks.jp/public/jobs/2052700
319,gazou,https://crowdworks.jp/public/jobs/2052695
320,gazou,https://crowdworks.jp/public/jobs/2052690
321,gazou,https://crowdworks.jp/public/jobs/2035973
322,gazou,https://crowdworks.jp/public/jobs/2030506
323,gazou,https://crowdworks.jp/public/jobs/2024073
324,gazou,https://crowdworks.jp/public/jobs/2009110
325,gazou,https://crowdworks.jp/public/jobs/2014227
326,gazou,https://crowdworks.jp/public/jobs/2003644
327,gazou,https://crowdworks.jp/public/jobs/2002470
328,gazou,https://crowdworks.jp/public/jobs/2002388
329,gazou,https://crowdworks.jp/public/jobs/1998013
330,gazou,https://crowdworks.jp/public/jobs/1997496
331,gazou,https://crowdworks.jp/public/jobs/1996202
332,gazou,https://crowdworks.jp/public/jobs/1994310
333,gazou,https://crowdworks.jp/public/jobs/1994307
334,gazou,https://crowdworks.jp/public/jobs/1994305
335,gazou,https://crowdworks.jp/public/jobs/1994299
336,gazou,https://crowdworks.jp/public/jobs/1986846
337,gazou,https://crowdworks.jp/public/jobs/1981952
338,gazou,https://crowdworks.jp/public/jobs/1973686
339,gazou,https://crowdworks.jp/public/jobs/1973682
340,gazou,https://crowdworks.jp/public/jobs/1968886
341,gazou,https://crowdworks.jp/public/jobs/1968881
342,gazou,https://crowdworks.jp/public/jobs/1965502
343,gazou,https://crowdworks.jp/public/jobs/1965272
344,gazou,https://crowdworks.jp/public/jobs/1965260
345,gazou,https://crowdworks.jp/public/jobs/1936993
346,gazou,https://crowdworks.jp/public/jobs/1961234
347,gazou,https://crowdworks.jp/public/jobs/1959481
348,gazou,https://crowdworks.jp/public/jobs/1952857
349,gazou,https://crowdworks.jp/public/jobs/1951698
350,gazou,https://crowdworks.jp/public/jobs/1951903
351,gazou,https://crowdworks.jp/public/jobs/1951902
352,gazou,https://crowdworks.jp/public/jobs/1941953
353,gazou,https://crowdworks.jp/public/jobs/1941503
354,gazou,https://crowdworks.jp/public/jobs/1912551
355,gazou,https://crowdworks.jp/public/jobs/1938607
356,gazou,https://crowdworks.jp/public/jobs/1938602
357,gazou,https://crowdworks.jp/public/jobs/1938599
358,gazou,https://crowdworks.jp/public/jobs/1935811
359,gazou,https://crowdworks.jp/public/jobs/1934595
360,gazou,https://crowdworks.jp/public/jobs/1934118
361,gazou,https://crowdworks.jp/public/jobs/1933932
362,gazou,https://crowdworks.jp/public/jobs/1932794
363,gazou,https://crowdworks.jp/public/jobs/1929955
364,gazou,https://crowdworks.jp/public/jobs/1929647
365,gazou,https://crowdworks.jp/public/jobs/1918677
366,gazou,https://crowdworks.jp/public/jobs/1912560
367,gazou,https://crowdworks.jp/public/jobs/1911259
368,gazou,https://crowdworks.jp/public/jobs/1911995
369,gazou,https://crowdworks.jp/public/jobs/1903269
370,gazou,https://crowdworks.jp/public/jobs/1896401
371,gazou,https://crowdworks.jp/public/jobs/1899189
372,gazou,https://crowdworks.jp/public/jobs/1898916
373,gazou,https://crowdworks.jp/public/jobs/1897740
374,gazou,https://crowdworks.jp/public/jobs/1897720
375,gazou,https://crowdworks.jp/public/jobs/1896434
376,gazou,https://crowdworks.jp/public/jobs/1896432
377,gazou,https://crowdworks.jp/public/jobs/1895562
378,gazou,https://crowdworks.jp/public/jobs/1895120
379,gazou,https://crowdworks.jp/public/jobs/1895115
380,gazou,https://crowdworks.jp/public/jobs/1895110
381,gazou,https://crowdworks.jp/public/jobs/1895101
382,gazou,https://crowdworks.jp/public/jobs/1895076
383,gazou,https://crowdworks.jp/public/jobs/1895065
384,gazou,https://crowdworks.jp/public/jobs/1872253
385,gazou,https://crowdworks.jp/public/jobs/1888696
386,gazou,https://crowdworks.jp/public/jobs/1888153
387,gazou,https://crowdworks.jp/public/jobs/1884025
388,gazou,https://crowdworks.jp/public/jobs/1886278
389,gazou,https://crowdworks.jp/public/jobs/1886276
390,gazou,https://crowdworks.jp/public/jobs/1884750
391,gazou,https://crowdworks.jp/public/jobs/1884749
392,gazou,https://crowdworks.jp/public/jobs/1882467
393,gazou,https://crowdworks.jp/public/jobs/1882466
394,gazou,https://crowdworks.jp/public/jobs/1880730
395,gazou,https://crowdworks.jp/public/jobs/1880238
396,gazou,https://crowdworks.jp/public/jobs/1880236
397,gazou,https://crowdworks.jp/public/jobs/1879102
398,gazou,https://crowdworks.jp/public/jobs/1879101
399,gazou,https://crowdworks.jp/public/jobs/1877932
400,gazou,https://crowdworks.jp/public/jobs/1875832
401,gazou,https://crowdworks.jp/public/jobs/1875830
402,gazou,https://crowdworks.jp/public/jobs/1875398
403,gazou,https://crowdworks.jp/public/jobs/1875019
404,gazou,https://crowdworks.jp/public/jobs/1875017
405,gazou,https://crowdworks.jp/public/jobs/1873732
406,gazou,https://crowdworks.jp/public/jobs/1873730
407,gazou,https://crowdworks.jp/public/jobs/1872035
408,gazou,https://crowdworks.jp/public/jobs/1871958
409,gazou,https://crowdworks.jp/public/jobs/1871954
410,gazou,https://crowdworks.jp/public/jobs/1870103
411,gazou,https://crowdworks.jp/public/jobs/1870101
412,gazou,https://crowdworks.jp/public/jobs/1867753
413,gazou,https://crowdworks.jp/public/jobs/1867751
414,gazou,https://crowdworks.jp/public/jobs/1866625
415,gazou,https://crowdworks.jp/public/jobs/1865291
416,gazou,https://crowdworks.jp/public/jobs/1865290
417,gazou,https://crowdworks.jp/public/jobs/1865288
418,gazou,https://crowdworks.jp/public/jobs/1864761
419,gazou,https://crowdworks.jp/public/jobs/1483571
420,gazou,https://crowdworks.jp/public/jobs/1864041
421,gazou,https://crowdworks.jp/public/jobs/1864039
422,gazou,https://crowdworks.jp/public/jobs/1864038
423,gazou,https://crowdworks.jp/public/jobs/1864036
424,gazou,https://crowdworks.jp/public/jobs/1862572
425,gazou,https://crowdworks.jp/public/jobs/1862569
426,gazou,https://crowdworks.jp/public/jobs/1861884
427,gazou,https://crowdworks.jp/public/jobs/1861881
428,gazou,https://crowdworks.jp/public/jobs/1861879
429,gazou,https://crowdworks.jp/public/jobs/1861877
430,gazou,https://crowdworks.jp/public/jobs/1860519
431,gazou,https://crowdworks.jp/public/jobs/1860512
432,gazou,https://crowdworks.jp/public/jobs/1860447
433,gazou,https://crowdworks.jp/public/jobs/1856347
434,gazou,https://crowdworks.jp/public/jobs/1849363
435,gazou,https://crowdworks.jp/public/jobs/1851101
436,gazou,https://crowdworks.jp/public/jobs/1844589
437,gazou,https://crowdworks.jp/public/jobs/1844272
438,gazou,https://crowdworks.jp/public/jobs/1843538
439,gazou,https://crowdworks.jp/public/jobs/1838082
440,gazou,https://crowdworks.jp/public/jobs/1840310
441,gazou,https://crowdworks.jp/public/jobs/1839192
442,gazou,https://crowdworks.jp/public/jobs/1839190
443,gazou,https://crowdworks.jp/public/jobs/1835858
444,gazou,https://crowdworks.jp/public/jobs/1835856
445,gazou,https://crowdworks.jp/public/jobs/1833933
446,gazou,https://crowdworks.jp/public/jobs/1833932
447,gazou,https://crowdworks.jp/public/jobs/1833243
448,gazou,https://crowdworks.jp/public/jobs/1833242
449,gazou,https://crowdworks.jp/public/jobs/1833161
450,gazou,https://crowdworks.jp/public/jobs/1833160
451,gazou,https://crowdworks.jp/public/jobs/1826820
452,gazou,https://crowdworks.jp/public/jobs/1811407
453,gazou,https://crowdworks.jp/public/jobs/1826326
454,gazou,https://crowdworks.jp/public/jobs/1824271
455,gazou,https://crowdworks.jp/public/jobs/1824268
456,gazou,https://crowdworks.jp/public/jobs/1820198
457,gazou,https://crowdworks.jp/public/jobs/1820196
458,gazou,https://crowdworks.jp/public/jobs/1819335
459,gazou,https://crowdworks.jp/public/jobs/1816881
460,gazou,https://crowdworks.jp/public/jobs/1813638
461,gazou,https://crowdworks.jp/public/jobs/1812028
462,gazou,https://crowdworks.jp/public/jobs/1812026
463,gazou,https://crowdworks.jp/public/jobs/1811602
464,gazou,https://crowdworks.jp/public/jobs/1811601
465,gazou,https://crowdworks.jp/public/jobs/1810826
466,gazou,https://crowdworks.jp/public/jobs/1806737
467,gazou,https://crowdworks.jp/public/jobs/1806711
468,gazou,https://crowdworks.jp/public/jobs/1805513
469,gazou,https://crowdworks.jp/public/jobs/1801717
470,gazou,https://crowdworks.jp/public/jobs/1801712
471,gazou,https://crowdworks.jp/public/jobs/1801709
472,gazou,https://crowdworks.jp/public/jobs/1801702
473,gazou,https://crowdworks.jp/public/jobs/1797823
474,gazou,https://crowdworks.jp/public/jobs/1797807
475,gazou,https://crowdworks.jp/public/jobs/1795048
476,gazou,https://crowdworks.jp/public/jobs/1795045
477,gazou,https://crowdworks.jp/public/jobs/1787883
478,gazou,https://crowdworks.jp/public/jobs/1787879
479,gazou,https://crowdworks.jp/public/jobs/1787659
480,gazou,https://crowdworks.jp/public/jobs/1782695
481,gazou,https://crowdworks.jp/public/jobs/1782502
482,gazou,https://crowdworks.jp/public/jobs/1782479
483,gazou,https://crowdworks.jp/public/jobs/1775351
484,gazou,https://crowdworks.jp/public/jobs/1772548
485,gazou,https://crowdworks.jp/public/jobs/1772538
486,gazou,https://crowdworks.jp/public/jobs/1772510
487,gazou,https://crowdworks.jp/public/jobs/1772516
488,gazou,https://crowdworks.jp/public/jobs/1772142
489,gazou,https://crowdworks.jp/public/jobs/1766092
490,gazou,https://crowdworks.jp/public/jobs/1763275
491,gazou,https://crowdworks.jp/public/jobs/1764121
492,gazou,https://crowdworks.jp/public/jobs/1763281
493,gazou,https://crowdworks.jp/public/jobs/1762551
494,gazou,https://crowdworks.jp/public/jobs/1762554
495,gazou,https://crowdworks.jp/public/jobs/1762130
496,gazou,https://crowdworks.jp/public/jobs/1759401
497,gazou,https://crowdworks.jp/public/jobs/1759419
498,gazou,https://crowdworks.jp/public/jobs/1756183
499,gazou,https://crowdworks.jp/public/jobs/1756179
500,gazou,https://crowdworks.jp/public/jobs/1752700
501,gazou,https://crowdworks.jp/public/jobs/1753759
502,gazou,https://crowdworks.jp/public/jobs/1753018
503,gazou,https://crowdworks.jp/public/jobs/1749622
504,gazou,https://crowdworks.jp/public/jobs/1749625
505,gazou,https://crowdworks.jp/public/jobs/1570745
506,gazou,https://crowdworks.jp/public/jobs/1742014
507,gazou,https://crowdworks.jp/public/jobs/1742015
508,gazou,https://crowdworks.jp/public/jobs/1786997
509,gazou,https://crowdworks.jp/public/jobs/1742010
510,gazou,https://crowdworks.jp/public/jobs/1738165
511,gazou,https://crowdworks.jp/public/jobs/1738163
512,gazou,https://crowdworks.jp/public/jobs/1736573
513,gazou,https://crowdworks.jp/public/jobs/1736567
514,gazou,https://crowdworks.jp/public/jobs/1736564
515,gazou,https://crowdworks.jp/public/jobs/1736555
516,gazou,https://crowdworks.jp/public/jobs/1735972
517,gazou,https://crowdworks.jp/public/jobs/1732126
518,gazou,https://crowdworks.jp/public/jobs/1723982
519,gazou,https://crowdworks.jp/public/jobs/1725318
520,gazou,https://crowdworks.jp/public/jobs/1729170
521,gazou,https://crowdworks.jp/public/jobs/1729172
522,gazou,https://crowdworks.jp/public/jobs/1727185
523,gazou,https://crowdworks.jp/public/jobs/1726069
524,gazou,https://crowdworks.jp/public/jobs/1725319
525,gazou,https://crowdworks.jp/public/jobs/1722051
526,gazou,https://crowdworks.jp/public/jobs/1722046
527,gazou,https://crowdworks.jp/public/jobs/1721645
528,gazou,https://crowdworks.jp/public/jobs/1719072
529,gazou,https://crowdworks.jp/public/jobs/1719031
530,gazou,https://crowdworks.jp/public/jobs/1714984
531,gazou,https://crowdworks.jp/public/jobs/1715574
532,gazou,https://crowdworks.jp/public/jobs/1710179
533,gazou,https://crowdworks.jp/public/jobs/1708640
534,gazou,https://crowdworks.jp/public/jobs/1668508
535,gazou,https://crowdworks.jp/public/jobs/1697375
536,gazou,https://crowdworks.jp/public/jobs/1696929
537,gazou,https://crowdworks.jp/public/jobs/1695505
538,gazou,https://crowdworks.jp/public/jobs/1690863
539,gazou,https://crowdworks.jp/public/jobs/1690391
540,gazou,https://crowdworks.jp/public/jobs/1689596
541,gazou,https://crowdworks.jp/public/jobs/1689595
542,gazou,https://crowdworks.jp/public/jobs/1689598
543,gazou,https://crowdworks.jp/public/jobs/1686548
544,gazou,https://crowdworks.jp/public/jobs/1686545
545,gazou,https://crowdworks.jp/public/jobs/1686543
546,gazou,https://crowdworks.jp/public/jobs/1686541
547,gazou,https://crowdworks.jp/public/jobs/1686109
548,gazou,https://crowdworks.jp/public/jobs/1686106
549,gazou,https://crowdworks.jp/public/jobs/1686091
550,gazou,https://crowdworks.jp/public/jobs/1686048
551,gazou,https://crowdworks.jp/public/jobs/1685503
552,gazou,https://crowdworks.jp/public/jobs/1685502
553,gazou,https://crowdworks.jp/public/jobs/1685499
554,gazou,https://crowdworks.jp/public/jobs/1685497
555,gazou,https://crowdworks.jp/public/jobs/1685467
556,gazou,https://crowdworks.jp/public/jobs/1685465
557,gazou,https://crowdworks.jp/public/jobs/1685131
558,gazou,https://crowdworks.jp/public/jobs/1685128
559,gazou,https://crowdworks.jp/public/jobs/1685126
560,gazou,https://crowdworks.jp/public/jobs/1685119
561,gazou,https://crowdworks.jp/public/jobs/1684596
562,gazou,https://crowdworks.jp/public/jobs/1684589
563,gazou,https://crowdworks.jp/public/jobs/1684603
564,gazou,https://crowdworks.jp/public/jobs/1680532
565,gazou,https://crowdworks.jp/public/jobs/1561059
566,gazou,https://crowdworks.jp/public/jobs/1678157
567,gazou,https://crowdworks.jp/public/jobs/1676157
568,gazou,https://crowdworks.jp/public/jobs/1676816
569,gazou,https://crowdworks.jp/public/jobs/1676142
570,gazou,https://crowdworks.jp/public/jobs/1676475
571,gazou,https://crowdworks.jp/public/jobs/1675779
572,gazou,https://crowdworks.jp/public/jobs/1671640
573,gazou,https://crowdworks.jp/public/jobs/1671621
574,gazou,https://crowdworks.jp/public/jobs/1668512
575,gazou,https://crowdworks.jp/public/jobs/1668511
576,gazou,https://crowdworks.jp/public/jobs/1668507
577,gazou,https://crowdworks.jp/public/jobs/1647121
578,gazou,https://crowdworks.jp/public/jobs/1667808
579,gazou,https://crowdworks.jp/public/jobs/1665863
580,gazou,https://crowdworks.jp/public/jobs/1647115
581,gazou,https://crowdworks.jp/public/jobs/1663040
582,gazou,https://crowdworks.jp/public/jobs/1663029
583,gazou,https://crowdworks.jp/public/jobs/1663729
584,gazou,https://crowdworks.jp/public/jobs/1663728
585,gazou,https://crowdworks.jp/public/jobs/1661391
586,gazou,https://crowdworks.jp/public/jobs/1651693
587,gazou,https://crowdworks.jp/public/jobs/1644645
588,gazou,https://crowdworks.jp/public/jobs/1650607
589,gazou,https://crowdworks.jp/public/jobs/1650606
590,gazou,https://crowdworks.jp/public/jobs/1647124
591,gazou,https://crowdworks.jp/public/jobs/1647101
592,gazou,https://crowdworks.jp/public/jobs/1644561
593,gazou,https://crowdworks.jp/public/jobs/1641516
594,gazou,https://crowdworks.jp/public/jobs/1633717
595,gazou,https://crowdworks.jp/public/jobs/1640683
596,gazou,https://crowdworks.jp/public/jobs/1639994
597,gazou,https://crowdworks.jp/public/jobs/1634617
598,gazou,https://crowdworks.jp/public/jobs/1633367
599,gazou,https://crowdworks.jp/public/jobs/1626954
600,gazou,https://crowdworks.jp/public/jobs/1623027
601,gazou,https://crowdworks.jp/public/jobs/1623584
602,gazou,https://crowdworks.jp/public/jobs/1624420
603,gazou,https://crowdworks.jp/public/jobs/1621469
604,gazou,https://crowdworks.jp/public/jobs/1621383
605,gazou,https://crowdworks.jp/public/jobs/1621381
606,gazou,https://crowdworks.jp/public/jobs/1621377
607,gazou,https://crowdworks.jp/public/jobs/1621372
608,gazou,https://crowdworks.jp/public/jobs/1620534
609,gazou,https://crowdworks.jp/public/jobs/1620080
610,gazou,https://crowdworks.jp/public/jobs/1611306
611,gazou,https://crowdworks.jp/public/jobs/1607673
612,gazou,https://crowdworks.jp/public/jobs/1606030
613,gazou,https://crowdworks.jp/public/jobs/1601794
614,gazou,https://crowdworks.jp/public/jobs/1595654
615,gazou,https://crowdworks.jp/public/jobs/1591944
616,gazou,https://crowdworks.jp/public/jobs/1586239
617,gazou,https://crowdworks.jp/public/jobs/1585033
618,gazou,https://crowdworks.jp/public/jobs/1561194
619,gazou,https://crowdworks.jp/public/jobs/1562064
620,gazou,https://crowdworks.jp/public/jobs/1562062
621,gazou,https://crowdworks.jp/public/jobs/1562057
622,gazou,https://crowdworks.jp/public/jobs/1562052
623,gazou,https://crowdworks.jp/public/jobs/1549828
624,gazou,https://crowdworks.jp/public/jobs/1544696
625,gazou,https://crowdworks.jp/public/jobs/1535788
626,gazou,https://crowdworks.jp/public/jobs/1537940
627,gazou,https://crowdworks.jp/public/jobs/1536200
628,gazou,https://crowdworks.jp/public/jobs/1532398
629,gazou,https://crowdworks.jp/public/jobs/1523644
630,gazou,https://crowdworks.jp/public/jobs/1522722
631,gazou,https://crowdworks.jp/public/jobs/1519979
632,gazou,https://crowdworks.jp/public/jobs/1519866
633,gazou,https://crowdworks.jp/public/jobs/1519857
634,gazou,https://crowdworks.jp/public/jobs/1519842
635,gazou,https://crowdworks.jp/public/jobs/1515382
636,gazou,https://crowdworks.jp/public/jobs/1506510
637,gazou,https://crowdworks.jp/public/jobs/1505948
638,gazou,https://crowdworks.jp/public/jobs/1503328
639,gazou,https://crowdworks.jp/public/jobs/1499783
640,gazou,https://crowdworks.jp/public/jobs/1493326
641,gazou,https://crowdworks.jp/public/jobs/1490459
642,gazou,https://crowdworks.jp/public/jobs/1489435
643,gazou,https://crowdworks.jp/public/jobs/1481940
644,gazou,https://crowdworks.jp/public/jobs/1480458
645,gazou,https://crowdworks.jp/public/jobs/1477692
646,gazou,https://crowdworks.jp/public/jobs/1476761
647,gazou,https://crowdworks.jp/public/jobs/1462512
648,gazou,https://crowdworks.jp/public/jobs/1459755
649,gazou,https://crowdworks.jp/public/jobs/1452682
650,gazou,https://crowdworks.jp/public/jobs/1447930
651,gazou,https://crowdworks.jp/public/jobs/1437939
652,gazou,https://crowdworks.jp/public/jobs/1422749
653,gazou,https://crowdworks.jp/public/jobs/1422467
654,gazou,https://crowdworks.jp/public/jobs/1422461
655,gazou,https://crowdworks.jp/public/jobs/1422460
656,gazou,https://crowdworks.jp/public/jobs/1422450
657,gazou,https://crowdworks.jp/public/jobs/1411984
658,gazou,https://crowdworks.jp/public/jobs/1410996
659,gazou,https://crowdworks.jp/public/jobs/1410391
660,gazou,https://crowdworks.jp/public/jobs/1409693
661,gazou,https://crowdworks.jp/public/jobs/1405099
662,gazou,https://crowdworks.jp/public/jobs/1395025
663,gazou,https://crowdworks.jp/public/jobs/1383377
664,gazou,https://crowdworks.jp/public/jobs/1379454
665,gazou,https://crowdworks.jp/public/jobs/1375314
666,gazou,https://crowdworks.jp/public/jobs/1374834
667,gazou,https://crowdworks.jp/public/jobs/1374825
668,gazou,https://crowdworks.jp/public/jobs/1374820
669,gazou,https://crowdworks.jp/public/jobs/1374815
670,gazou,https://crowdworks.jp/public/jobs/1374809
671,gazou,https://crowdworks.jp/public/jobs/1370273
672,gazou,https://crowdworks.jp/public/jobs/1369208
673,gazou,https://crowdworks.jp/public/jobs/1369207
674,gazou,https://crowdworks.jp/public/jobs/1365019
675,gazou,https://crowdworks.jp/public/jobs/1364012
676,gazou,https://crowdworks.jp/public/jobs/1355967
677,gazou,https://crowdworks.jp/public/jobs/1355685
678,gazou,https://crowdworks.jp/public/jobs/1355270
679,gazou,https://crowdworks.jp/public/jobs/1352482
680,gazou,https://crowdworks.jp/public/jobs/1348256
681,gazou,https://crowdworks.jp/public/jobs/1346442
682,gazou,https://crowdworks.jp/public/jobs/1344002
683,gazou,https://crowdworks.jp/public/jobs/1307128
684,gazou,https://crowdworks.jp/public/jobs/1335605
685,gazou,https://crowdworks.jp/public/jobs/1335591
686,gazou,https://crowdworks.jp/public/jobs/1335524
687,gazou,https://crowdworks.jp/public/jobs/1334435
688,gazou,https://crowdworks.jp/public/jobs/1334453
689,gazou,https://crowdworks.jp/public/jobs/1335297
690,gazou,https://crowdworks.jp/public/jobs/1334107
691,gazou,https://crowdworks.jp/public/jobs/1333457
692,gazou,https://crowdworks.jp/public/jobs/1333450
693,gazou,https://crowdworks.jp/public/jobs/1330274
694,gazou,https://crowdworks.jp/public/jobs/1328770
695,gazou,https://crowdworks.jp/public/jobs/1328769
696,gazou,https://crowdworks.jp/public/jobs/1326811
697,gazou,https://crowdworks.jp/public/jobs/1326593
698,gazou,https://crowdworks.jp/public/jobs/1364014
699,gazou,https://crowdworks.jp/public/jobs/1318116
700,gazou,https://crowdworks.jp/public/jobs/1318125
701,gazou,https://crowdworks.jp/public/jobs/1318133
702,gazou,https://crowdworks.jp/public/jobs/1318065
703,gazou,https://crowdworks.jp/public/jobs/1318131
704,gazou,https://crowdworks.jp/public/jobs/1070547
705,gazou,https://crowdworks.jp/public/jobs/1033842
706,gazou,https://crowdworks.jp/public/jobs/1033877
707,gazou,https://crowdworks.jp/public/jobs/1319797
708,gazou,https://crowdworks.jp/public/jobs/1318151
709,gazou,https://crowdworks.jp/public/jobs/1318153
710,gazou,https://crowdworks.jp/public/jobs/1317873
711,gazou,https://crowdworks.jp/public/jobs/1317490
712,gazou,https://crowdworks.jp/public/jobs/1313550
713,gazou,https://crowdworks.jp/public/jobs/1189322
714,gazou,https://crowdworks.jp/public/jobs/1313061
715,gazou,https://crowdworks.jp/public/jobs/1313085
716,gazou,https://crowdworks.jp/public/jobs/1313077
717,gazou,https://crowdworks.jp/public/jobs/1313042
718,gazou,https://crowdworks.jp/public/jobs/1313054
719,gazou,https://crowdworks.jp/public/jobs/1313187
720,gazou,https://crowdworks.jp/public/jobs/1306710
721,gazou,https://crowdworks.jp/public/jobs/1305195
722,gazou,https://crowdworks.jp/public/jobs/1293869
723,gazou,https://crowdworks.jp/public/jobs/1293107
724,gazou,https://crowdworks.jp/public/jobs/1288013
725,gazou,https://crowdworks.jp/public/jobs/1281386
726,gazou,https://crowdworks.jp/public/jobs/1279763
727,gazou,https://crowdworks.jp/public/jobs/1277755
728,gazou,https://crowdworks.jp/public/jobs/1277418
729,gazou,https://crowdworks.jp/public/jobs/1277413
730,gazou,https://crowdworks.jp/public/jobs/1274431
731,gazou,https://crowdworks.jp/public/jobs/1268126
732,gazou,https://crowdworks.jp/public/jobs/1267050
733,gazou,https://crowdworks.jp/public/jobs/1266134
734,gazou,https://crowdworks.jp/public/jobs/1265329
735,gazou,https://crowdworks.jp/public/jobs/1262636
736,gazou,https://crowdworks.jp/public/jobs/1256048
737,gazou,https://crowdworks.jp/public/jobs/1247128
738,gazou,https://crowdworks.jp/public/jobs/1239667
739,gazou,https://crowdworks.jp/public/jobs/1236498
740,gazou,https://crowdworks.jp/public/jobs/1236483
741,gazou,https://crowdworks.jp/public/jobs/1230378
742,gazou,https://crowdworks.jp/public/jobs/1227288
743,gazou,https://crowdworks.jp/public/jobs/1227285
744,gazou,https://crowdworks.jp/public/jobs/1227280
745,gazou,https://crowdworks.jp/public/jobs/1227274
746,gazou,https://crowdworks.jp/public/jobs/1227261
747,gazou,https://crowdworks.jp/public/jobs/1226174
748,gazou,https://crowdworks.jp/public/jobs/1222217
749,gazou,https://crowdworks.jp/public/jobs/1220466
750,gazou,https://crowdworks.jp/public/jobs/1218641
751,gazou,https://crowdworks.jp/public/jobs/1218164
752,gazou,https://crowdworks.jp/public/jobs/1218148
753,gazou,https://crowdworks.jp/public/jobs/1218126
754,gazou,https://crowdworks.jp/public/jobs/1218091
755,gazou,https://crowdworks.jp/public/jobs/1218075
756,gazou,https://crowdworks.jp/public/jobs/1218058
757,gazou,https://crowdworks.jp/public/jobs/1216685
758,gazou,https://crowdworks.jp/public/jobs/1214331
759,gazou,https://crowdworks.jp/public/jobs/1208776
760,gazou,https://crowdworks.jp/public/jobs/1207769
761,gazou,https://crowdworks.jp/public/jobs/1207402
762,gazou,https://crowdworks.jp/public/jobs/1191767
763,gazou,https://crowdworks.jp/public/jobs/1191447
764,gazou,https://crowdworks.jp/public/jobs/1186391
765,gazou,https://crowdworks.jp/public/jobs/1186378
766,gazou,https://crowdworks.jp/public/jobs/1185130
767,gazou,https://crowdworks.jp/public/jobs/1184874
768,gazou,https://crowdworks.jp/public/jobs/1182585
769,gazou,https://crowdworks.jp/public/jobs/1180800
770,gazou,https://crowdworks.jp/public/jobs/1177728
771,gazou,https://crowdworks.jp/public/jobs/1177229
772,gazou,https://crowdworks.jp/public/jobs/1174820
773,gazou,https://crowdworks.jp/public/jobs/1174818
774,gazou,https://crowdworks.jp/public/jobs/1174816
775,gazou,https://crowdworks.jp/public/jobs/1174813
776,gazou,https://crowdworks.jp/public/jobs/1169861
777,gazou,https://crowdworks.jp/public/jobs/1167061
778,gazou,https://crowdworks.jp/public/jobs/1165985
779,gazou,https://crowdworks.jp/public/jobs/1163229
780,gazou,https://crowdworks.jp/public/jobs/1162571
781,gazou,https://crowdworks.jp/public/jobs/1162505
782,gazou,https://crowdworks.jp/public/jobs/1159008
783,gazou,https://crowdworks.jp/public/jobs/1158348
784,gazou,https://crowdworks.jp/public/jobs/1155772
785,gazou,https://crowdworks.jp/public/jobs/1148565
786,gazou,https://crowdworks.jp/public/jobs/1148574
787,gazou,https://crowdworks.jp/public/jobs/1148599
788,gazou,https://crowdworks.jp/public/jobs/1148505
789,gazou,https://crowdworks.jp/public/jobs/1139789
790,gazou,https://crowdworks.jp/public/jobs/1139517
791,gazou,https://crowdworks.jp/public/jobs/1139513
792,gazou,https://crowdworks.jp/public/jobs/1139503
793,gazou,https://crowdworks.jp/public/jobs/1138976
794,gazou,https://crowdworks.jp/public/jobs/1137683
795,gazou,https://crowdworks.jp/public/jobs/1137544
796,gazou,https://crowdworks.jp/public/jobs/1136260
797,gazou,https://crowdworks.jp/public/jobs/1134653
798,gazou,https://crowdworks.jp/public/jobs/1133687
799,gazou,https://crowdworks.jp/public/jobs/1133379
800,gazou,https://crowdworks.jp/public/jobs/1130369
801,gazou,https://crowdworks.jp/public/jobs/1130085
802,gazou,https://crowdworks.jp/public/jobs/1129924
803,gazou,https://crowdworks.jp/public/jobs/1129686
804,gazou,https://crowdworks.jp/public/jobs/1128401
805,gazou,https://crowdworks.jp/public/jobs/1124639
806,gazou,https://crowdworks.jp/public/jobs/1125521
807,gazou,https://crowdworks.jp/public/jobs/1125240
808,gazou,https://crowdworks.jp/public/jobs/1125015
809,gazou,https://crowdworks.jp/public/jobs/1111979
810,gazou,https://crowdworks.jp/public/jobs/1124151
811,gazou,https://crowdworks.jp/public/jobs/1123577
812,gazou,https://crowdworks.jp/public/jobs/1123118
813,gazou,https://crowdworks.jp/public/jobs/1119571
814,gazou,https://crowdworks.jp/public/jobs/1118109
815,gazou,https://crowdworks.jp/public/jobs/1116986
816,gazou,https://crowdworks.jp/public/jobs/1115815
817,gazou,https://crowdworks.jp/public/jobs/1115794
818,gazou,https://crowdworks.jp/public/jobs/1115708
819,gazou,https://crowdworks.jp/public/jobs/1115713
820,gazou,https://crowdworks.jp/public/jobs/1111723
821,gazou,https://crowdworks.jp/public/jobs/1110924
822,gazou,https://crowdworks.jp/public/jobs/1108963
823,gazou,https://crowdworks.jp/public/jobs/1108962
824,gazou,https://crowdworks.jp/public/jobs/1108954
825,gazou,https://crowdworks.jp/public/jobs/1104715
826,gazou,https://crowdworks.jp/public/jobs/1106302
827,gazou,https://crowdworks.jp/public/jobs/1106296
828,gazou,https://crowdworks.jp/public/jobs/1106289
829,gazou,https://crowdworks.jp/public/jobs/1104646
830,gazou,https://crowdworks.jp/public/jobs/1101164
831,gazou,https://crowdworks.jp/public/jobs/1101051
832,gazou,https://crowdworks.jp/public/jobs/1100815
833,gazou,https://crowdworks.jp/public/jobs/1099470
834,gazou,https://crowdworks.jp/public/jobs/1097259
835,gazou,https://crowdworks.jp/public/jobs/1094917
836,gazou,https://crowdworks.jp/public/jobs/1094172
837,gazou,https://crowdworks.jp/public/jobs/1094170
838,gazou,https://crowdworks.jp/public/jobs/1092956
839,gazou,https://crowdworks.jp/public/jobs/1091339
840,gazou,https://crowdworks.jp/public/jobs/1090058
841,gazou,https://crowdworks.jp/public/jobs/1089123
842,gazou,https://crowdworks.jp/public/jobs/1084938
843,gazou,https://crowdworks.jp/public/jobs/1084281
844,gazou,https://crowdworks.jp/public/jobs/1084165
845,gazou,https://crowdworks.jp/public/jobs/1082041
846,gazou,https://crowdworks.jp/public/jobs/1075914
847,gazou,https://crowdworks.jp/public/jobs/1073693
848,gazou,https://crowdworks.jp/public/jobs/1073689
849,gazou,https://crowdworks.jp/public/jobs/1073686
900,gazou,https://crowdworks.jp/public/jobs/1021903
901,gazou,https://crowdworks.jp/public/jobs/1021911
902,gazou,https://crowdworks.jp/public/jobs/1021924
903,gazou,https://crowdworks.jp/public/jobs/1018229
904,gazou,https://crowdworks.jp/public/jobs/1017358
905,gazou,https://crowdworks.jp/public/jobs/1015467
906,gazou,https://crowdworks.jp/public/jobs/1014415
907,gazou,https://crowdworks.jp/public/jobs/1014411
908,gazou,https://crowdworks.jp/public/jobs/1014406
909,gazou,https://crowdworks.jp/public/jobs/1014403
910,gazou,https://crowdworks.jp/public/jobs/1014401
911,gazou,https://crowdworks.jp/public/jobs/993768
912,gazou,https://crowdworks.jp/public/jobs/1013534
913,gazou,https://crowdworks.jp/public/jobs/1013012
914,gazou,https://crowdworks.jp/public/jobs/1010547
915,gazou,https://crowdworks.jp/public/jobs/1008385
916,gazou,https://crowdworks.jp/public/jobs/1008411
917,gazou,https://crowdworks.jp/public/jobs/1002106
918,gazou,https://crowdworks.jp/public/jobs/1001496
919,gazou,https://crowdworks.jp/public/jobs/995949
920,gazou,https://crowdworks.jp/public/jobs/993037
921,gazou,https://crowdworks.jp/public/jobs/995690
922,gazou,https://crowdworks.jp/public/jobs/992354
923,gazou,https://crowdworks.jp/public/jobs/992061
924,gazou,https://crowdworks.jp/public/jobs/992057
925,gazou,https://crowdworks.jp/public/jobs/992054
926,gazou,https://crowdworks.jp/public/jobs/992052
927,gazou,https://crowdworks.jp/public/jobs/989939
928,gazou,https://crowdworks.jp/public/jobs/983489
929,gazou,https://crowdworks.jp/public/jobs/977421
930,gazou,https://crowdworks.jp/public/jobs/975272
931,gazou,https://crowdworks.jp/public/jobs/974056
932,gazou,https://crowdworks.jp/public/jobs/974058
933,gazou,https://crowdworks.jp/public/jobs/974053
934,gazou,https://crowdworks.jp/public/jobs/974019
935,gazou,https://crowdworks.jp/public/jobs/974016
936,gazou,https://crowdworks.jp/public/jobs/967534
937,gazou,https://crowdworks.jp/public/jobs/960390
938,gazou,https://crowdworks.jp/public/jobs/960243
939,gazou,https://crowdworks.jp/public/jobs/959322
940,gazou,https://crowdworks.jp/public/jobs/958837
941,gazou,https://crowdworks.jp/public/jobs/958824
942,gazou,https://crowdworks.jp/public/jobs/958152
943,gazou,https://crowdworks.jp/public/jobs/950929
944,gazou,https://crowdworks.jp/public/jobs/950918
945,gazou,https://crowdworks.jp/public/jobs/950915
946,gazou,https://crowdworks.jp/public/jobs/948307
947,gazou,https://crowdworks.jp/public/jobs/945311
948,gazou,https://crowdworks.jp/public/jobs/945107
949,gazou,https://crowdworks.jp/public/jobs/943936
950,gazou,https://crowdworks.jp/public/jobs/941248
951,gazou,https://crowdworks.jp/public/jobs/939977
952,gazou,https://crowdworks.jp/public/jobs/939793
953,gazou,https://crowdworks.jp/public/jobs/934873
954,gazou,https://crowdworks.jp/public/jobs/933188
955,gazou,https://crowdworks.jp/public/jobs/932550
956,gazou,https://crowdworks.jp/public/jobs/929050
957,gazou,https://crowdworks.jp/public/jobs/928844
958,gazou,https://crowdworks.jp/public/jobs/927614
959,gazou,https://crowdworks.jp/public/jobs/927613
960,gazou,https://crowdworks.jp/public/jobs/927446
961,gazou,https://crowdworks.jp/public/jobs/927444
962,gazou,https://crowdworks.jp/public/jobs/927439
963,gazou,https://crowdworks.jp/public/jobs/927423
964,gazou,https://crowdworks.jp/public/jobs/926066
965,gazou,https://crowdworks.jp/public/jobs/926065
966,gazou,https://crowdworks.jp/public/jobs/926063
967,gazou,https://crowdworks.jp/public/jobs/926062
968,gazou,https://crowdworks.jp/public/jobs/926061
969,gazou,https://crowdworks.jp/public/jobs/921209
970,gazou,https://crowdworks.jp/public/jobs/919855
971,gazou,https://crowdworks.jp/public/jobs/919850
972,gazou,https://crowdworks.jp/public/jobs/919660
973,gazou,https://crowdworks.jp/public/jobs/917945
974,gazou,https://crowdworks.jp/public/jobs/910063
975,gazou,https://crowdworks.jp/public/jobs/910062
976,gazou,https://crowdworks.jp/public/jobs/910059
977,gazou,https://crowdworks.jp/public/jobs/910055
978,gazou,https://crowdworks.jp/public/jobs/910045
979,gazou,https://crowdworks.jp/public/jobs/908438
980,gazou,https://crowdworks.jp/public/jobs/907629
981,gazou,https://crowdworks.jp/public/jobs/906843
982,gazou,https://crowdworks.jp/public/jobs/906838
983,gazou,https://crowdworks.jp/public/jobs/904469
984,gazou,https://crowdworks.jp/public/jobs/898622
985,gazou,https://crowdworks.jp/public/jobs/898035
986,gazou,https://crowdworks.jp/public/jobs/892499
987,gazou,https://crowdworks.jp/public/jobs/892238
988,gazou,https://crowdworks.jp/public/jobs/889195
989,gazou,https://crowdworks.jp/public/jobs/889181
990,gazou,https://crowdworks.jp/public/jobs/889166
991,gazou,https://crowdworks.jp/public/jobs/888870
992,gazou,https://crowdworks.jp/public/jobs/881216
993,gazou,https://crowdworks.jp/public/jobs/880780
994,gazou,https://crowdworks.jp/public/jobs/880080
995,gazou,https://crowdworks.jp/public/jobs/880043
996,gazou,https://crowdworks.jp/public/jobs/880016
997,gazou,https://crowdworks.jp/public/jobs/879874
998,gazou,https://crowdworks.jp/public/jobs/877414
999,gazou,https://crowdworks.jp/public/jobs/877378
1000,gazou,https://crowdworks.jp/public/jobs/877303
1001,gazou,https://crowdworks.jp/public/jobs/875716
1002,gazou,https://crowdworks.jp/public/jobs/872004
1003,gazou,https://crowdworks.jp/public/jobs/872000
1004,gazou,https://crowdworks.jp/public/jobs/871656
1005,gazou,https://crowdworks.jp/public/jobs/870907
1006,gazou,https://crowdworks.jp/public/jobs/870188
1007,gazou,https://crowdworks.jp/public/jobs/869448
1008,gazou,https://crowdworks.jp/public/jobs/869201
1009,gazou,https://crowdworks.jp/public/jobs/869092
1010,gazou,https://crowdworks.jp/public/jobs/867219
1011,gazou,https://crowdworks.jp/public/jobs/867218
1012,gazou,https://crowdworks.jp/public/jobs/867217
1013,gazou,https://crowdworks.jp/public/jobs/867214
1014,gazou,https://crowdworks.jp/public/jobs/867212
1015,gazou,https://crowdworks.jp/public/jobs/866972
1016,gazou,https://crowdworks.jp/public/jobs/866854
1017,gazou,https://crowdworks.jp/public/jobs/866820
1018,gazou,https://crowdworks.jp/public/jobs/866563
1019,gazou,https://crowdworks.jp/public/jobs/866114
1020,gazou,https://crowdworks.jp/public/jobs/865004
1021,gazou,https://crowdworks.jp/public/jobs/864212
1022,gazou,https://crowdworks.jp/public/jobs/863935
1023,gazou,https://crowdworks.jp/public/jobs/863927
1024,gazou,https://crowdworks.jp/public/jobs/863200
1025,gazou,https://crowdworks.jp/public/jobs/862926
1026,gazou,https://crowdworks.jp/public/jobs/862895
1027,gazou,https://crowdworks.jp/public/jobs/862891
1028,gazou,https://crowdworks.jp/public/jobs/860953
1029,gazou,https://crowdworks.jp/public/jobs/859944
1030,gazou,https://crowdworks.jp/public/jobs/857604
1031,gazou,https://crowdworks.jp/public/jobs/857425
1032,gazou,https://crowdworks.jp/public/jobs/856580
1033,gazou,https://crowdworks.jp/public/jobs/856218
1034,gazou,https://crowdworks.jp/public/jobs/856017
1035,gazou,https://crowdworks.jp/public/jobs/855893
1036,gazou,https://crowdworks.jp/public/jobs/854861
1037,gazou,https://crowdworks.jp/public/jobs/854667
1038,gazou,https://crowdworks.jp/public/jobs/854567
1039,gazou,https://crowdworks.jp/public/jobs/854068
1040,gazou,https://crowdworks.jp/public/jobs/853579
1041,gazou,https://crowdworks.jp/public/jobs/853390
1042,gazou,https://crowdworks.jp/public/jobs/852205
1043,gazou,https://crowdworks.jp/public/jobs/852187
1044,gazou,https://crowdworks.jp/public/jobs/852116
1045,gazou,https://crowdworks.jp/public/jobs/849276
1046,gazou,https://crowdworks.jp/public/jobs/842953
1047,gazou,https://crowdworks.jp/public/jobs/836511
1048,gazou,https://crowdworks.jp/public/jobs/835114
1049,gazou,https://crowdworks.jp/public/jobs/833766
1050,gazou,https://crowdworks.jp/public/jobs/832990
1051,gazou,https://crowdworks.jp/public/jobs/832126
1052,gazou,https://crowdworks.jp/public/jobs/829750
1053,gazou,https://crowdworks.jp/public/jobs/827582
1054,gazou,https://crowdworks.jp/public/jobs/827580
1055,gazou,https://crowdworks.jp/public/jobs/827575
1056,gazou,https://crowdworks.jp/public/jobs/827533
1057,gazou,https://crowdworks.jp/public/jobs/827532
1058,gazou,https://crowdworks.jp/public/jobs/825179
1059,gazou,https://crowdworks.jp/public/jobs/824037
1060,gazou,https://crowdworks.jp/public/jobs/823957
1061,gazou,https://crowdworks.jp/public/jobs/823701
1062,gazou,https://crowdworks.jp/public/jobs/823664
1063,gazou,https://crowdworks.jp/public/jobs/822636
1064,gazou,https://crowdworks.jp/public/jobs/822099
1065,gazou,https://crowdworks.jp/public/jobs/819720
1066,gazou,https://crowdworks.jp/public/jobs/819079
1067,gazou,https://crowdworks.jp/public/jobs/818204
1068,gazou,https://crowdworks.jp/public/jobs/814039
1069,gazou,https://crowdworks.jp/public/jobs/813607
1070,gazou,https://crowdworks.jp/public/jobs/809915
1071,gazou,https://crowdworks.jp/public/jobs/808563
1072,gazou,https://crowdworks.jp/public/jobs/807966
1073,gazou,https://crowdworks.jp/public/jobs/806381
1074,gazou,https://crowdworks.jp/public/jobs/803412
1075,gazou,https://crowdworks.jp/public/jobs/800334
1076,gazou,https://crowdworks.jp/public/jobs/796379
1077,gazou,https://crowdworks.jp/public/jobs/797084
1078,gazou,https://crowdworks.jp/public/jobs/797082
1079,gazou,https://crowdworks.jp/public/jobs/797078
1080,gazou,https://crowdworks.jp/public/jobs/797077
1081,gazou,https://crowdworks.jp/public/jobs/797073
1082,gazou,https://crowdworks.jp/public/jobs/796744
1083,gazou,https://crowdworks.jp/public/jobs/793219
1084,gazou,https://crowdworks.jp/public/jobs/792925
1085,gazou,https://crowdworks.jp/public/jobs/792920
1086,gazou,https://crowdworks.jp/public/jobs/789732
1087,gazou,https://crowdworks.jp/public/jobs/789528
1088,gazou,https://crowdworks.jp/public/jobs/786712
1089,gazou,https://crowdworks.jp/public/jobs/786078
1090,gazou,https://crowdworks.jp/public/jobs/784609
1091,gazou,https://crowdworks.jp/public/jobs/784173
1092,gazou,https://crowdworks.jp/public/jobs/783908
1093,gazou,https://crowdworks.jp/public/jobs/780160
1094,gazou,https://crowdworks.jp/public/jobs/780157
1095,gazou,https://crowdworks.jp/public/jobs/780067
1096,gazou,https://crowdworks.jp/public/jobs/779153
1097,gazou,https://crowdworks.jp/public/jobs/777608
1098,gazou,https://crowdworks.jp/public/jobs/777873
1099,gazou,https://crowdworks.jp/public/jobs/776985
1100,gazou,https://crowdworks.jp/public/jobs/776980
1101,gazou,https://crowdworks.jp/public/jobs/776968
1102,gazou,https://crowdworks.jp/public/jobs/776997
1103,gazou,https://crowdworks.jp/public/jobs/777004
1104,gazou,https://crowdworks.jp/public/jobs/777015
1105,gazou,https://crowdworks.jp/public/jobs/777018
1106,gazou,https://crowdworks.jp/public/jobs/777022
1107,gazou,https://crowdworks.jp/public/jobs/776744
1108,gazou,https://crowdworks.jp/public/jobs/775135
1109,gazou,https://crowdworks.jp/public/jobs/769254
1110,gazou,https://crowdworks.jp/public/jobs/768188
1111,gazou,https://crowdworks.jp/public/jobs/766405
1112,gazou,https://crowdworks.jp/public/jobs/766564
1113,gazou,https://crowdworks.jp/public/jobs/766354
1114,gazou,https://crowdworks.jp/public/jobs/766363
1115,gazou,https://crowdworks.jp/public/jobs/766366
1116,gazou,https://crowdworks.jp/public/jobs/766359
1117,gazou,https://crowdworks.jp/public/jobs/764741
1118,gazou,https://crowdworks.jp/public/jobs/765116
1119,gazou,https://crowdworks.jp/public/jobs/765113
1120,gazou,https://crowdworks.jp/public/jobs/763622
1121,gazou,https://crowdworks.jp/public/jobs/763768
1122,gazou,https://crowdworks.jp/public/jobs/802950
1123,gazou,https://crowdworks.jp/public/jobs/762167
1124,gazou,https://crowdworks.jp/public/jobs/761946
1125,gazou,https://crowdworks.jp/public/jobs/761454
1126,gazou,https://crowdworks.jp/public/jobs/761452
1127,gazou,https://crowdworks.jp/public/jobs/761449
1128,gazou,https://crowdworks.jp/public/jobs/761442
1129,gazou,https://crowdworks.jp/public/jobs/761438
1130,gazou,https://crowdworks.jp/public/jobs/757707
1131,gazou,https://crowdworks.jp/public/jobs/754824
1132,gazou,https://crowdworks.jp/public/jobs/754823
1133,gazou,https://crowdworks.jp/public/jobs/754822
1134,gazou,https://crowdworks.jp/public/jobs/754820
1135,gazou,https://crowdworks.jp/public/jobs/754817
1136,gazou,https://crowdworks.jp/public/jobs/754814
1137,gazou,https://crowdworks.jp/public/jobs/754102
1138,gazou,https://crowdworks.jp/public/jobs/750960
1139,gazou,https://crowdworks.jp/public/jobs/750334
1140,gazou,https://crowdworks.jp/public/jobs/750335
1141,gazou,https://crowdworks.jp/public/jobs/750345
1142,gazou,https://crowdworks.jp/public/jobs/750340
1143,gazou,https://crowdworks.jp/public/jobs/750344
1144,gazou,https://crowdworks.jp/public/jobs/750346
1145,gazou,https://crowdworks.jp/public/jobs/750342
1146,gazou,https://crowdworks.jp/public/jobs/750350
1147,gazou,https://crowdworks.jp/public/jobs/750353
1148,gazou,https://crowdworks.jp/public/jobs/750355
1149,gazou,https://crowdworks.jp/public/jobs/750361
1150,gazou,https://crowdworks.jp/public/jobs/750357
1151,gazou,https://crowdworks.jp/public/jobs/750330
1152,gazou,https://crowdworks.jp/public/jobs/750317
1153,gazou,https://crowdworks.jp/public/jobs/750343
1154,gazou,https://crowdworks.jp/public/jobs/750338
1155,gazou,https://crowdworks.jp/public/jobs/750336
1156,gazou,https://crowdworks.jp/public/jobs/750328
1157,gazou,https://crowdworks.jp/public/jobs/750327
1158,gazou,https://crowdworks.jp/public/jobs/750214
1159,gazou,https://crowdworks.jp/public/jobs/749900
1160,gazou,https://crowdworks.jp/public/jobs/749899
1161,gazou,https://crowdworks.jp/public/jobs/749897
1162,gazou,https://crowdworks.jp/public/jobs/749896
1163,gazou,https://crowdworks.jp/public/jobs/749583
1164,gazou,https://crowdworks.jp/public/jobs/747772
1165,gazou,https://crowdworks.jp/public/jobs/746925
1166,gazou,https://crowdworks.jp/public/jobs/743637
1167,gazou,https://crowdworks.jp/public/jobs/737711
1168,gazou,https://crowdworks.jp/public/jobs/720489
1169,gazou,https://crowdworks.jp/public/jobs/733593
1170,gazou,https://crowdworks.jp/public/jobs/732499
1171,gazou,https://crowdworks.jp/public/jobs/732495
1172,gazou,https://crowdworks.jp/public/jobs/732493
1173,gazou,https://crowdworks.jp/public/jobs/732492
1174,gazou,https://crowdworks.jp/public/jobs/732471
1175,gazou,https://crowdworks.jp/public/jobs/731386
1176,gazou,https://crowdworks.jp/public/jobs/731385
1177,gazou,https://crowdworks.jp/public/jobs/731290
1178,gazou,https://crowdworks.jp/public/jobs/731178
1179,gazou,https://crowdworks.jp/public/jobs/728654
1180,gazou,https://crowdworks.jp/public/jobs/728653
1181,gazou,https://crowdworks.jp/public/jobs/728390
1182,gazou,https://crowdworks.jp/public/jobs/728374
1183,gazou,https://crowdworks.jp/public/jobs/725141
1184,gazou,https://crowdworks.jp/public/jobs/724874
1185,gazou,https://crowdworks.jp/public/jobs/724640
1186,gazou,https://crowdworks.jp/public/jobs/724348
1187,gazou,https://crowdworks.jp/public/jobs/724565
1188,gazou,https://crowdworks.jp/public/jobs/723737
1189,gazou,https://crowdworks.jp/public/jobs/742779
1190,gazou,https://crowdworks.jp/public/jobs/721969
1191,gazou,https://crowdworks.jp/public/jobs/721764
1192,gazou,https://crowdworks.jp/public/jobs/719321
1193,gazou,https://crowdworks.jp/public/jobs/718733
1194,gazou,https://crowdworks.jp/public/jobs/718257
1195,gazou,https://crowdworks.jp/public/jobs/718165
1196,gazou,https://crowdworks.jp/public/jobs/717207
1197,gazou,https://crowdworks.jp/public/jobs/715586
1198,gazou,https://crowdworks.jp/public/jobs/714879
1199,gazou,https://crowdworks.jp/public/jobs/714876
1200,gazou,https://crowdworks.jp/public/jobs/714871
1201,gazou,https://crowdworks.jp/public/jobs/714866
1202,gazou,https://crowdworks.jp/public/jobs/714244
1203,gazou,https://crowdworks.jp/public/jobs/711819
1204,gazou,https://crowdworks.jp/public/jobs/710722
1205,gazou,https://crowdworks.jp/public/jobs/710491
1206,gazou,https://crowdworks.jp/public/jobs/708291
1207,gazou,https://crowdworks.jp/public/jobs/707600
1208,gazou,https://crowdworks.jp/public/jobs/707099
1209,gazou,https://crowdworks.jp/public/jobs/699784
1210,gazou,https://crowdworks.jp/public/jobs/706189
1211,gazou,https://crowdworks.jp/public/jobs/705707
1212,gazou,https://crowdworks.jp/public/jobs/705639
1213,gazou,https://crowdworks.jp/public/jobs/704415
1214,gazou,https://crowdworks.jp/public/jobs/698983
1215,gazou,https://crowdworks.jp/public/jobs/697812
1216,gazou,https://crowdworks.jp/public/jobs/697061
1217,gazou,https://crowdworks.jp/public/jobs/696935
1218,gazou,https://crowdworks.jp/public/jobs/696854
1219,gazou,https://crowdworks.jp/public/jobs/696450
1220,gazou,https://crowdworks.jp/public/jobs/696384
1221,gazou,https://crowdworks.jp/public/jobs/694306
1222,gazou,https://crowdworks.jp/public/jobs/691795
1223,gazou,https://crowdworks.jp/public/jobs/691709
1224,gazou,https://crowdworks.jp/public/jobs/691432
1225,gazou,https://crowdworks.jp/public/jobs/688595
1226,gazou,https://crowdworks.jp/public/jobs/688345
1227,gazou,https://crowdworks.jp/public/jobs/688066
1228,gazou,https://crowdworks.jp/public/jobs/686933
1229,gazou,https://crowdworks.jp/public/jobs/686201
1230,gazou,https://crowdworks.jp/public/jobs/686171
1231,gazou,https://crowdworks.jp/public/jobs/685704
1232,gazou,https://crowdworks.jp/public/jobs/684310
1233,gazou,https://crowdworks.jp/public/jobs/684654
1234,gazou,https://crowdworks.jp/public/jobs/684183
1235,gazou,https://crowdworks.jp/public/jobs/683079
1236,gazou,https://crowdworks.jp/public/jobs/682687
1237,gazou,https://crowdworks.jp/public/jobs/681230
1238,gazou,https://crowdworks.jp/public/jobs/679925
1239,gazou,https://crowdworks.jp/public/jobs/679343
1240,gazou,https://crowdworks.jp/public/jobs/678580
1241,gazou,https://crowdworks.jp/public/jobs/677787
1242,gazou,https://crowdworks.jp/public/jobs/678405
1243,gazou,https://crowdworks.jp/public/jobs/673545
1244,gazou,https://crowdworks.jp/public/jobs/673183
1245,gazou,https://crowdworks.jp/public/jobs/672075
1246,gazou,https://crowdworks.jp/public/jobs/670870
1247,gazou,https://crowdworks.jp/public/jobs/670860
1248,gazou,https://crowdworks.jp/public/jobs/670726
1249,gazou,https://crowdworks.jp/public/jobs/670716
1250,gazou,https://crowdworks.jp/public/jobs/670655
1251,gazou,https://crowdworks.jp/public/jobs/670654
1252,gazou,https://crowdworks.jp/public/jobs/670653
1253,gazou,https://crowdworks.jp/public/jobs/670651
1254,gazou,https://crowdworks.jp/public/jobs/669586
1255,gazou,https://crowdworks.jp/public/jobs/667225
1256,gazou,https://crowdworks.jp/public/jobs/667172
1257,gazou,https://crowdworks.jp/public/jobs/666600
1258,gazou,https://crowdworks.jp/public/jobs/665745
1259,gazou,https://crowdworks.jp/public/jobs/664676
1260,gazou,https://crowdworks.jp/public/jobs/664262
1261,gazou,https://crowdworks.jp/public/jobs/661285
1262,gazou,https://crowdworks.jp/public/jobs/660284
1263,gazou,https://crowdworks.jp/public/jobs/660124
1264,gazou,https://crowdworks.jp/public/jobs/659972
1265,gazou,https://crowdworks.jp/public/jobs/659005
1266,gazou,https://crowdworks.jp/public/jobs/656876
1267,gazou,https://crowdworks.jp/public/jobs/656903
1268,gazou,https://crowdworks.jp/public/jobs/655432
1269,gazou,https://crowdworks.jp/public/jobs/652860
1270,gazou,https://crowdworks.jp/public/jobs/451651
1271,gazou,https://crowdworks.jp/public/jobs/646793
1272,gazou,https://crowdworks.jp/public/jobs/645994
1273,gazou,https://crowdworks.jp/public/jobs/642646
1274,gazou,https://crowdworks.jp/public/jobs/642005
1275,gazou,https://crowdworks.jp/public/jobs/641485
1276,gazou,https://crowdworks.jp/public/jobs/641484
1277,gazou,https://crowdworks.jp/public/jobs/641480
1278,gazou,https://crowdworks.jp/public/jobs/641478
1279,gazou,https://crowdworks.jp/public/jobs/641010
1280,gazou,https://crowdworks.jp/public/jobs/639622
1281,gazou,https://crowdworks.jp/public/jobs/639297
1282,gazou,https://crowdworks.jp/public/jobs/634341
1283,gazou,https://crowdworks.jp/public/jobs/634362
1284,gazou,https://crowdworks.jp/public/jobs/632849
1285,gazou,https://crowdworks.jp/public/jobs/632244
1286,gazou,https://crowdworks.jp/public/jobs/631925
1287,gazou,https://crowdworks.jp/public/jobs/631899
1288,gazou,https://crowdworks.jp/public/jobs/631449
1289,gazou,https://crowdworks.jp/public/jobs/631442
1290,gazou,https://crowdworks.jp/public/jobs/628819
1291,gazou,https://crowdworks.jp/public/jobs/627251
1292,gazou,https://crowdworks.jp/public/jobs/625042
1293,gazou,https://crowdworks.jp/public/jobs/623697
1294,gazou,https://crowdworks.jp/public/jobs/623694
1295,gazou,https://crowdworks.jp/public/jobs/623263
1296,gazou,https://crowdworks.jp/public/jobs/623471
1297,gazou,https://crowdworks.jp/public/jobs/623470
1298,gazou,https://crowdworks.jp/public/jobs/622154
1299,gazou,https://crowdworks.jp/public/jobs/619746
1300,gazou,https://crowdworks.jp/public/jobs/619744
1301,gazou,https://crowdworks.jp/public/jobs/618979
1302,gazou,https://crowdworks.jp/public/jobs/617802
1303,gazou,https://crowdworks.jp/public/jobs/616288
1304,gazou,https://crowdworks.jp/public/jobs/614580
1305,gazou,https://crowdworks.jp/public/jobs/612794
1306,gazou,https://crowdworks.jp/public/jobs/607697
1307,gazou,https://crowdworks.jp/public/jobs/607699
1308,gazou,https://crowdworks.jp/public/jobs/607700
1309,gazou,https://crowdworks.jp/public/jobs/608491
1310,gazou,https://crowdworks.jp/public/jobs/606996
1311,gazou,https://crowdworks.jp/public/jobs/606921
1312,gazou,https://crowdworks.jp/public/jobs/606437
1313,gazou,https://crowdworks.jp/public/jobs/606363
1314,gazou,https://crowdworks.jp/public/jobs/606243
1315,gazou,https://crowdworks.jp/public/jobs/606079
1316,gazou,https://crowdworks.jp/public/jobs/605654
1317,gazou,https://crowdworks.jp/public/jobs/604610
1318,gazou,https://crowdworks.jp/public/jobs/604414
1319,gazou,https://crowdworks.jp/public/jobs/601831
1320,gazou,https://crowdworks.jp/public/jobs/601817
1321,gazou,https://crowdworks.jp/public/jobs/601687
1322,gazou,https://crowdworks.jp/public/jobs/600836
1323,gazou,https://crowdworks.jp/public/jobs/600645
1324,gazou,https://crowdworks.jp/public/jobs/596522
1325,gazou,https://crowdworks.jp/public/jobs/596289
1326,gazou,https://crowdworks.jp/public/jobs/596144
1327,gazou,https://crowdworks.jp/public/jobs/594273
1328,gazou,https://crowdworks.jp/public/jobs/593696
1329,gazou,https://crowdworks.jp/public/jobs/593186
1330,gazou,https://crowdworks.jp/public/jobs/592416
1331,gazou,https://crowdworks.jp/public/jobs/592346
1332,gazou,https://crowdworks.jp/public/jobs/591164
1333,gazou,https://crowdworks.jp/public/jobs/591163
1334,gazou,https://crowdworks.jp/public/jobs/591161
1335,gazou,https://crowdworks.jp/public/jobs/591160
1336,gazou,https://crowdworks.jp/public/jobs/591159
1337,gazou,https://crowdworks.jp/public/jobs/589014
1338,gazou,https://crowdworks.jp/public/jobs/588157
1339,gazou,https://crowdworks.jp/public/jobs/587548
1340,gazou,https://crowdworks.jp/public/jobs/586639
1341,gazou,https://crowdworks.jp/public/jobs/586638
1342,gazou,https://crowdworks.jp/public/jobs/586471
1343,gazou,https://crowdworks.jp/public/jobs/585920
1344,gazou,https://crowdworks.jp/public/jobs/585873
1345,gazou,https://crowdworks.jp/public/jobs/585693
1346,gazou,https://crowdworks.jp/public/jobs/585677
1347,gazou,https://crowdworks.jp/public/jobs/585513
1348,gazou,https://crowdworks.jp/public/jobs/585520
1349,gazou,https://crowdworks.jp/public/jobs/585273
1350,gazou,https://crowdworks.jp/public/jobs/585262
1351,gazou,https://crowdworks.jp/public/jobs/583791
1352,gazou,https://crowdworks.jp/public/jobs/584580
1353,gazou,https://crowdworks.jp/public/jobs/584462
1354,gazou,https://crowdworks.jp/public/jobs/583589
1355,gazou,https://crowdworks.jp/public/jobs/583302
1356,gazou,https://crowdworks.jp/public/jobs/583301
1357,gazou,https://crowdworks.jp/public/jobs/582186
1358,gazou,https://crowdworks.jp/public/jobs/582058
1359,gazou,https://crowdworks.jp/public/jobs/582056
1360,gazou,https://crowdworks.jp/public/jobs/581257
1361,gazou,https://crowdworks.jp/public/jobs/580107
1362,gazou,https://crowdworks.jp/public/jobs/579979
1363,gazou,https://crowdworks.jp/public/jobs/578433
1364,gazou,https://crowdworks.jp/public/jobs/578268
1365,gazou,https://crowdworks.jp/public/jobs/577873
1366,gazou,https://crowdworks.jp/public/jobs/577575
1367,gazou,https://crowdworks.jp/public/jobs/577120
1368,gazou,https://crowdworks.jp/public/jobs/577119
1369,gazou,https://crowdworks.jp/public/jobs/576926
1370,gazou,https://crowdworks.jp/public/jobs/576741
1371,gazou,https://crowdworks.jp/public/jobs/576727
1372,gazou,https://crowdworks.jp/public/jobs/576372
1373,gazou,https://crowdworks.jp/public/jobs/575830
1374,gazou,https://crowdworks.jp/public/jobs/575722
1375,gazou,https://crowdworks.jp/public/jobs/575013
1376,gazou,https://crowdworks.jp/public/jobs/574994
1377,gazou,https://crowdworks.jp/public/jobs/574942
1378,gazou,https://crowdworks.jp/public/jobs/574535
1379,gazou,https://crowdworks.jp/public/jobs/574526
1380,gazou,https://crowdworks.jp/public/jobs/286384
1381,gazou,https://crowdworks.jp/public/jobs/571651
1382,gazou,https://crowdworks.jp/public/jobs/571587
1383,gazou,https://crowdworks.jp/public/jobs/571577
1384,gazou,https://crowdworks.jp/public/jobs/571424
1385,gazou,https://crowdworks.jp/public/jobs/570967
1386,gazou,https://crowdworks.jp/public/jobs/570808
1387,gazou,https://crowdworks.jp/public/jobs/570583
1388,gazou,https://crowdworks.jp/public/jobs/570550
1389,gazou,https://crowdworks.jp/public/jobs/559773
1390,gazou,https://crowdworks.jp/public/jobs/567279
1391,gazou,https://crowdworks.jp/public/jobs/565430
1392,gazou,https://crowdworks.jp/public/jobs/564085
1393,gazou,https://crowdworks.jp/public/jobs/564001
1394,gazou,https://crowdworks.jp/public/jobs/563664
1395,gazou,https://crowdworks.jp/public/jobs/563435
1396,gazou,https://crowdworks.jp/public/jobs/563129
1397,gazou,https://crowdworks.jp/public/jobs/563126
1398,gazou,https://crowdworks.jp/public/jobs/562170
1399,gazou,https://crowdworks.jp/public/jobs/561825
1400,gazou,https://crowdworks.jp/public/jobs/561462
1401,gazou,https://crowdworks.jp/public/jobs/560638
1402,gazou,https://crowdworks.jp/public/jobs/561559
1403,gazou,https://crowdworks.jp/public/jobs/561337
1404,gazou,https://crowdworks.jp/public/jobs/561278
1405,gazou,https://crowdworks.jp/public/jobs/559500
1406,gazou,https://crowdworks.jp/public/jobs/560114
1407,gazou,https://crowdworks.jp/public/jobs/560117
1408,gazou,https://crowdworks.jp/public/jobs/558573
1409,gazou,https://crowdworks.jp/public/jobs/558582
1410,gazou,https://crowdworks.jp/public/jobs/558579
1411,gazou,https://crowdworks.jp/public/jobs/557195
1412,gazou,https://crowdworks.jp/public/jobs/557179
1413,gazou,https://crowdworks.jp/public/jobs/556823
1414,gazou,https://crowdworks.jp/public/jobs/556822
1415,gazou,https://crowdworks.jp/public/jobs/556820
1416,gazou,https://crowdworks.jp/public/jobs/551729
1417,gazou,https://crowdworks.jp/public/jobs/550795
1418,gazou,https://crowdworks.jp/public/jobs/550127
1419,gazou,https://crowdworks.jp/public/jobs/548809
1420,gazou,https://crowdworks.jp/public/jobs/547432
1421,gazou,https://crowdworks.jp/public/jobs/546806
1422,gazou,https://crowdworks.jp/public/jobs/538461
1423,gazou,https://crowdworks.jp/public/jobs/538453
1424,gazou,https://crowdworks.jp/public/jobs/536657
1425,gazou,https://crowdworks.jp/public/jobs/536536
1426,gazou,https://crowdworks.jp/public/jobs/535705
1427,gazou,https://crowdworks.jp/public/jobs/535646
1428,gazou,https://crowdworks.jp/public/jobs/534255
1429,gazou,https://crowdworks.jp/public/jobs/527222
1430,gazou,https://crowdworks.jp/public/jobs/529041
1431,gazou,https://crowdworks.jp/public/jobs/526933
1432,gazou,https://crowdworks.jp/public/jobs/526161
1433,gazou,https://crowdworks.jp/public/jobs/525945
1434,gazou,https://crowdworks.jp/public/jobs/523086
1435,gazou,https://crowdworks.jp/public/jobs/522240
1436,gazou,https://crowdworks.jp/public/jobs/521618
1437,gazou,https://crowdworks.jp/public/jobs/520674
1438,gazou,https://crowdworks.jp/public/jobs/519029
1439,gazou,https://crowdworks.jp/public/jobs/516231
1440,gazou,https://crowdworks.jp/public/jobs/511576
1441,gazou,https://crowdworks.jp/public/jobs/511190
1442,gazou,https://crowdworks.jp/public/jobs/506044
1443,gazou,https://crowdworks.jp/public/jobs/504024
1444,gazou,https://crowdworks.jp/public/jobs/502907
1445,gazou,https://crowdworks.jp/public/jobs/502123
1446,gazou,https://crowdworks.jp/public/jobs/502108
1447,gazou,https://crowdworks.jp/public/jobs/501958
1448,gazou,https://crowdworks.jp/public/jobs/499704
1449,gazou,https://crowdworks.jp/public/jobs/498372
1450,gazou,https://crowdworks.jp/public/jobs/495211
1451,gazou,https://crowdworks.jp/public/jobs/492119
1452,gazou,https://crowdworks.jp/public/jobs/489762
1453,gazou,https://crowdworks.jp/public/jobs/490274
1454,gazou,https://crowdworks.jp/public/jobs/490261
1455,gazou,https://crowdworks.jp/public/jobs/489512
1456,gazou,https://crowdworks.jp/public/jobs/487369
1457,gazou,https://crowdworks.jp/public/jobs/486737
1458,gazou,https://crowdworks.jp/public/jobs/485760
1459,gazou,https://crowdworks.jp/public/jobs/483842
1460,gazou,https://crowdworks.jp/public/jobs/482084
1461,gazou,https://crowdworks.jp/public/jobs/479139
1462,gazou,https://crowdworks.jp/public/jobs/475409
1463,gazou,https://crowdworks.jp/public/jobs/473876
1464,gazou,https://crowdworks.jp/public/jobs/473451
1465,gazou,https://crowdworks.jp/public/jobs/437275
1466,gazou,https://crowdworks.jp/public/jobs/470465
1467,gazou,https://crowdworks.jp/public/jobs/468823
1468,gazou,https://crowdworks.jp/public/jobs/467618
1469,gazou,https://crowdworks.jp/public/jobs/467062
1470,gazou,https://crowdworks.jp/public/jobs/466906
1471,gazou,https://crowdworks.jp/public/jobs/464471
1472,gazou,https://crowdworks.jp/public/jobs/463568
1473,gazou,https://crowdworks.jp/public/jobs/463562
1474,gazou,https://crowdworks.jp/public/jobs/462124
1475,gazou,https://crowdworks.jp/public/jobs/462070
1476,gazou,https://crowdworks.jp/public/jobs/461668
1477,gazou,https://crowdworks.jp/public/jobs/459206
1478,gazou,https://crowdworks.jp/public/jobs/460500
1479,gazou,https://crowdworks.jp/public/jobs/460334
1480,gazou,https://crowdworks.jp/public/jobs/458967
1481,gazou,https://crowdworks.jp/public/jobs/458815
1482,gazou,https://crowdworks.jp/public/jobs/455052
1483,gazou,https://crowdworks.jp/public/jobs/454591
1484,gazou,https://crowdworks.jp/public/jobs/453763
1485,gazou,https://crowdworks.jp/public/jobs/452486
1486,gazou,https://crowdworks.jp/public/jobs/451206
1487,gazou,https://crowdworks.jp/public/jobs/451079
1488,gazou,https://crowdworks.jp/public/jobs/449101
1489,gazou,https://crowdworks.jp/public/jobs/448399
1490,gazou,https://crowdworks.jp/public/jobs/448397
1491,gazou,https://crowdworks.jp/public/jobs/447335
1492,gazou,https://crowdworks.jp/public/jobs/446890
1493,gazou,https://crowdworks.jp/public/jobs/446599
1494,gazou,https://crowdworks.jp/public/jobs/445471
1495,gazou,https://crowdworks.jp/public/jobs/445365
1496,gazou,https://crowdworks.jp/public/jobs/444959
1497,gazou,https://crowdworks.jp/public/jobs/444791
1498,gazou,https://crowdworks.jp/public/jobs/443790
1499,gazou,https://crowdworks.jp/public/jobs/443253
1500,gazou,https://crowdworks.jp/public/jobs/442958
1501,gazou,https://crowdworks.jp/public/jobs/442932
1502,gazou,https://crowdworks.jp/public/jobs/442700
1503,gazou,https://crowdworks.jp/public/jobs/442701
1504,gazou,https://crowdworks.jp/public/jobs/442391
1505,gazou,https://crowdworks.jp/public/jobs/441267
1506,gazou,https://crowdworks.jp/public/jobs/436929
1507,gazou,https://crowdworks.jp/public/jobs/436475
1508,gazou,https://crowdworks.jp/public/jobs/434834
1509,gazou,https://crowdworks.jp/public/jobs/434539
1510,gazou,https://crowdworks.jp/public/jobs/430618
1511,gazou,https://crowdworks.jp/public/jobs/433005
1512,gazou,https://crowdworks.jp/public/jobs/432085
1513,gazou,https://crowdworks.jp/public/jobs/431387
1514,gazou,https://crowdworks.jp/public/jobs/430469
1515,gazou,https://crowdworks.jp/public/jobs/430450
1516,gazou,https://crowdworks.jp/public/jobs/430135
1517,gazou,https://crowdworks.jp/public/jobs/429650
1518,gazou,https://crowdworks.jp/public/jobs/418741
1519,gazou,https://crowdworks.jp/public/jobs/425678
1520,gazou,https://crowdworks.jp/public/jobs/425202
1521,gazou,https://crowdworks.jp/public/jobs/423392
1522,gazou,https://crowdworks.jp/public/jobs/422660
1523,gazou,https://crowdworks.jp/public/jobs/421961
1524,gazou,https://crowdworks.jp/public/jobs/416338
1525,gazou,https://crowdworks.jp/public/jobs/420644
1526,gazou,https://crowdworks.jp/public/jobs/420199
1527,gazou,https://crowdworks.jp/public/jobs/418603
1528,gazou,https://crowdworks.jp/public/jobs/417769
1529,gazou,https://crowdworks.jp/public/jobs/416314
1530,gazou,https://crowdworks.jp/public/jobs/415954
1531,gazou,https://crowdworks.jp/public/jobs/411264
1532,gazou,https://crowdworks.jp/public/jobs/411254
1533,gazou,https://crowdworks.jp/public/jobs/411244
1534,gazou,https://crowdworks.jp/public/jobs/411238
1535,gazou,https://crowdworks.jp/public/jobs/411204
1536,gazou,https://crowdworks.jp/public/jobs/409601
1537,gazou,https://crowdworks.jp/public/jobs/409271
1538,gazou,https://crowdworks.jp/public/jobs/409265
1539,gazou,https://crowdworks.jp/public/jobs/407527
1540,gazou,https://crowdworks.jp/public/jobs/406673
1541,gazou,https://crowdworks.jp/public/jobs/402042
1542,gazou,https://crowdworks.jp/public/jobs/401872
1543,gazou,https://crowdworks.jp/public/jobs/401811
1544,gazou,https://crowdworks.jp/public/jobs/401545
1545,gazou,https://crowdworks.jp/public/jobs/390666
1546,gazou,https://crowdworks.jp/public/jobs/383252
1547,gazou,https://crowdworks.jp/public/jobs/380742
1548,gazou,https://crowdworks.jp/public/jobs/376326
1549,gazou,https://crowdworks.jp/public/jobs/374777
1550,gazou,https://crowdworks.jp/public/jobs/370541
1551,gazou,https://crowdworks.jp/public/jobs/368487
1552,gazou,https://crowdworks.jp/public/jobs/368349
1553,gazou,https://crowdworks.jp/public/jobs/364098
1554,gazou,https://crowdworks.jp/public/jobs/361939
1555,gazou,https://crowdworks.jp/public/jobs/361475
1556,gazou,https://crowdworks.jp/public/jobs/359113
1557,gazou,https://crowdworks.jp/public/jobs/360099
1558,gazou,https://crowdworks.jp/public/jobs/354906
1559,gazou,https://crowdworks.jp/public/jobs/354514
1560,gazou,https://crowdworks.jp/public/jobs/352017
1561,gazou,https://crowdworks.jp/public/jobs/351712
1562,gazou,https://crowdworks.jp/public/jobs/350986
1563,gazou,https://crowdworks.jp/public/jobs/349486
1564,gazou,https://crowdworks.jp/public/jobs/348523
1565,gazou,https://crowdworks.jp/public/jobs/348071
1566,gazou,https://crowdworks.jp/public/jobs/347442
1567,gazou,https://crowdworks.jp/public/jobs/336011
1568,gazou,https://crowdworks.jp/public/jobs/345076
1569,gazou,https://crowdworks.jp/public/jobs/344129
1570,gazou,https://crowdworks.jp/public/jobs/344121
1571,gazou,https://crowdworks.jp/public/jobs/344103
1572,gazou,https://crowdworks.jp/public/jobs/343577
1573,gazou,https://crowdworks.jp/public/jobs/342269
1574,gazou,https://crowdworks.jp/public/jobs/340689
1575,gazou,https://crowdworks.jp/public/jobs/340361
1576,gazou,https://crowdworks.jp/public/jobs/338303
1577,gazou,https://crowdworks.jp/public/jobs/336947
1578,gazou,https://crowdworks.jp/public/jobs/335456
1579,gazou,https://crowdworks.jp/public/jobs/333966
1580,gazou,https://crowdworks.jp/public/jobs/333761
1581,gazou,https://crowdworks.jp/public/jobs/333750
1582,gazou,https://crowdworks.jp/public/jobs/333369
1583,gazou,https://crowdworks.jp/public/jobs/331782
1584,gazou,https://crowdworks.jp/public/jobs/331552
1585,gazou,https://crowdworks.jp/public/jobs/327830
1586,gazou,https://crowdworks.jp/public/jobs/324350
1587,gazou,https://crowdworks.jp/public/jobs/322704
1588,gazou,https://crowdworks.jp/public/jobs/322650
1589,gazou,https://crowdworks.jp/public/jobs/320685
1590,gazou,https://crowdworks.jp/public/jobs/319989
1591,gazou,https://crowdworks.jp/public/jobs/319762
1592,gazou,https://crowdworks.jp/public/jobs/316902
1593,gazou,https://crowdworks.jp/public/jobs/314191
1594,gazou,https://crowdworks.jp/public/jobs/309219
1595,gazou,https://crowdworks.jp/public/jobs/302905
1596,gazou,https://crowdworks.jp/public/jobs/302356
1597,gazou,https://crowdworks.jp/public/jobs/298794
1598,gazou,https://crowdworks.jp/public/jobs/296861
1599,gazou,https://crowdworks.jp/public/jobs/295738
1600,gazou,https://crowdworks.jp/public/jobs/294655
1601,gazou,https://crowdworks.jp/public/jobs/290804
1602,gazou,https://crowdworks.jp/public/jobs/290317
1603,gazou,https://crowdworks.jp/public/jobs/289886
1604,gazou,https://crowdworks.jp/public/jobs/288132
1605,gazou,https://crowdworks.jp/public/jobs/288130
1606,gazou,https://crowdworks.jp/public/jobs/286385
1607,gazou,https://crowdworks.jp/public/jobs/286308
1608,gazou,https://crowdworks.jp/public/jobs/286026
1609,gazou,https://crowdworks.jp/public/jobs/284973
1610,gazou,https://crowdworks.jp/public/jobs/284522
1611,gazou,https://crowdworks.jp/public/jobs/284316
1612,gazou,https://crowdworks.jp/public/jobs/283546
1613,gazou,https://crowdworks.jp/public/jobs/281978
1614,gazou,https://crowdworks.jp/public/jobs/280921
1615,gazou,https://crowdworks.jp/public/jobs/280432
1616,gazou,https://crowdworks.jp/public/jobs/280083
1617,gazou,https://crowdworks.jp/public/jobs/280067
1618,gazou,https://crowdworks.jp/public/jobs/278909
1619,gazou,https://crowdworks.jp/public/jobs/278405
1620,gazou,https://crowdworks.jp/public/jobs/278334
1621,gazou,https://crowdworks.jp/public/jobs/276386
1622,gazou,https://crowdworks.jp/public/jobs/275813
1623,gazou,https://crowdworks.jp/public/jobs/274221
1624,gazou,https://crowdworks.jp/public/jobs/274220
1625,gazou,https://crowdworks.jp/public/jobs/270321
1626,gazou,https://crowdworks.jp/public/jobs/265479
1627,gazou,https://crowdworks.jp/public/jobs/265457
1628,gazou,https://crowdworks.jp/public/jobs/258459
1629,gazou,https://crowdworks.jp/public/jobs/250788
1630,gazou,https://crowdworks.jp/public/jobs/250301
1631,gazou,https://crowdworks.jp/public/jobs/202917
1632,gazou,https://crowdworks.jp/public/jobs/244878
1633,gazou,https://crowdworks.jp/public/jobs/238905
1634,gazou,https://crowdworks.jp/public/jobs/244061
1635,gazou,https://crowdworks.jp/public/jobs/238832
1636,gazou,https://crowdworks.jp/public/jobs/229695
1637,gazou,https://crowdworks.jp/public/jobs/218558
1638,gazou,https://crowdworks.jp/public/jobs/219136
1639,gazou,https://crowdworks.jp/public/jobs/217201
1640,gazou,https://crowdworks.jp/public/jobs/190455
1641,gazou,https://crowdworks.jp/public/jobs/216788
1642,gazou,https://crowdworks.jp/public/jobs/216786
1643,gazou,https://crowdworks.jp/public/jobs/216778
1644,gazou,https://crowdworks.jp/public/jobs/216503
1645,gazou,https://crowdworks.jp/public/jobs/216483
1646,gazou,https://crowdworks.jp/public/jobs/216477
1647,gazou,https://crowdworks.jp/public/jobs/215303
1648,gazou,https://crowdworks.jp/public/jobs/213867
1649,gazou,https://crowdworks.jp/public/jobs/212711
1650,gazou,https://crowdworks.jp/public/jobs/211610
1651,gazou,https://crowdworks.jp/public/jobs/208377
1652,gazou,https://crowdworks.jp/public/jobs/210816
1653,gazou,https://crowdworks.jp/public/jobs/210599
1654,gazou,https://crowdworks.jp/public/jobs/209408
1655,gazou,https://crowdworks.jp/public/jobs/208894
1656,gazou,https://crowdworks.jp/public/jobs/208656
1657,gazou,https://crowdworks.jp/public/jobs/196864
1658,gazou,https://crowdworks.jp/public/jobs/206900
1659,gazou,https://crowdworks.jp/public/jobs/204726
1660,gazou,https://crowdworks.jp/public/jobs/204669
1661,gazou,https://crowdworks.jp/public/jobs/204449
1662,gazou,https://crowdworks.jp/public/jobs/204067
1663,gazou,https://crowdworks.jp/public/jobs/202345
1664,gazou,https://crowdworks.jp/public/jobs/201626
1665,gazou,https://crowdworks.jp/public/jobs/200555
1666,gazou,https://crowdworks.jp/public/jobs/191457
1667,gazou,https://crowdworks.jp/public/jobs/193935
1668,gazou,https://crowdworks.jp/public/jobs/191437
1669,gazou,https://crowdworks.jp/public/jobs/191345
1670,gazou,https://crowdworks.jp/public/jobs/191292
1671,gazou,https://crowdworks.jp/public/jobs/190979
1672,gazou,https://crowdworks.jp/public/jobs/189040
1673,gazou,https://crowdworks.jp/public/jobs/189247
1674,gazou,https://crowdworks.jp/public/jobs/187730
1675,gazou,https://crowdworks.jp/public/jobs/186779
1676,gazou,https://crowdworks.jp/public/jobs/186619
1677,gazou,https://crowdworks.jp/public/jobs/186655
1678,gazou,https://crowdworks.jp/public/jobs/186086
1679,gazou,https://crowdworks.jp/public/jobs/184934
1680,gazou,https://crowdworks.jp/public/jobs/184378
1681,gazou,https://crowdworks.jp/public/jobs/184377
1682,gazou,https://crowdworks.jp/public/jobs/184146
1683,gazou,https://crowdworks.jp/public/jobs/183663
1684,gazou,https://crowdworks.jp/public/jobs/181336
1685,gazou,https://crowdworks.jp/public/jobs/179965
1686,gazou,https://crowdworks.jp/public/jobs/179232
1687,gazou,https://crowdworks.jp/public/jobs/176860
1688,gazou,https://crowdworks.jp/public/jobs/176117
1689,gazou,https://crowdworks.jp/public/jobs/175468
1690,gazou,https://crowdworks.jp/public/jobs/175467
1691,gazou,https://crowdworks.jp/public/jobs/175464
1692,gazou,https://crowdworks.jp/public/jobs/175363
1693,gazou,https://crowdworks.jp/public/jobs/174870
1694,gazou,https://crowdworks.jp/public/jobs/174866
1695,gazou,https://crowdworks.jp/public/jobs/174767
1696,gazou,https://crowdworks.jp/public/jobs/174764
1697,gazou,https://crowdworks.jp/public/jobs/173492
1698,gazou,https://crowdworks.jp/public/jobs/173483
1699,gazou,https://crowdworks.jp/public/jobs/173285
1700,gazou,https://crowdworks.jp/public/jobs/173253
1701,gazou,https://crowdworks.jp/public/jobs/172267
1702,gazou,https://crowdworks.jp/public/jobs/171971
1703,gazou,https://crowdworks.jp/public/jobs/171884
1704,gazou,https://crowdworks.jp/public/jobs/171691
1705,gazou,https://crowdworks.jp/public/jobs/169312
1706,gazou,https://crowdworks.jp/public/jobs/166717
1707,gazou,https://crowdworks.jp/public/jobs/166589
1708,gazou,https://crowdworks.jp/public/jobs/162486
1709,gazou,https://crowdworks.jp/public/jobs/2755374
1710,gazou,https://crowdworks.jp/public/jobs/2746686
1711,gazou,https://crowdworks.jp/public/jobs/2692514
1712,gazou,https://crowdworks.jp/public/jobs/2656994
1713,gazou,https://crowdworks.jp/public/jobs/2638284
1714,gazou,https://crowdworks.jp/public/jobs/2638315
1715,gazou,https://crowdworks.jp/public/jobs/2615566
1716,gazou,https://crowdworks.jp/public/jobs/2590008
1717,gazou,https://crowdworks.jp/public/jobs/2578131
1718,gazou,https://crowdworks.jp/public/jobs/2570236
1719,gazou,https://crowdworks.jp/public/jobs/2545726
1720,gazou,https://crowdworks.jp/public/jobs/2536419
1721,gazou,https://crowdworks.jp/public/jobs/2531788
1722,gazou,https://crowdworks.jp/public/jobs/2518431
1723,gazou,https://crowdworks.jp/public/jobs/2516193
1724,gazou,https://crowdworks.jp/public/jobs/2513664
1725,gazou,https://crowdworks.jp/public/jobs/2408862
1726,gazou,https://crowdworks.jp/public/jobs/2500139
1727,gazou,https://crowdworks.jp/public/jobs/2415697
1728,gazou,https://crowdworks.jp/public/jobs/2416667
1729,gazou,https://crowdworks.jp/public/jobs/2420412
1730,gazou,https://crowdworks.jp/public/jobs/2404360
1731,gazou,https://crowdworks.jp/public/jobs/2401046
1732,gazou,https://crowdworks.jp/public/jobs/2156241
1733,gazou,https://crowdworks.jp/public/jobs/2332944
1734,gazou,https://crowdworks.jp/public/jobs/2118613
1735,gazou,https://crowdworks.jp/public/jobs/2243784
1736,gazou,https://crowdworks.jp/public/jobs/2209582
1737,gazou,https://crowdworks.jp/public/jobs/2202516
1738,gazou,https://crowdworks.jp/public/jobs/2202501
1739,gazou,https://crowdworks.jp/public/jobs/2202375
1740,gazou,https://crowdworks.jp/public/jobs/2199064
1741,gazou,https://crowdworks.jp/public/jobs/2199063
1742,gazou,https://crowdworks.jp/public/jobs/2183126
1743,gazou,https://crowdworks.jp/public/jobs/2104853
1744,gazou,https://crowdworks.jp/public/jobs/2093832
1745,gazou,https://crowdworks.jp/public/jobs/1940320
1746,gazou,https://crowdworks.jp/public/jobs/1938590
1747,gazou,https://crowdworks.jp/public/jobs/1915783
1748,gazou,https://crowdworks.jp/public/jobs/1871011
1749,gazou,https://crowdworks.jp/public/jobs/1720276
