,time,title,link
0,2018-10-20 22:17:16.482633,焼肉屋かねちゃん すすきの本店,https://tabelog.com/hokkaido/A0101/A010103/1039060/
1,2018-10-20 22:17:16.487208,原始焼き酒場 ルンゴカーニバル 極店,https://tabelog.com/hokkaido/A0101/A010102/1053016/
2,2018-10-20 22:17:16.489208,魚吉 南三条店,https://tabelog.com/hokkaido/A0101/A010103/1042601/
3,2018-10-20 22:17:16.491964,COOL BEER CRAFT,https://tabelog.com/hokkaido/A0101/A010103/1044519/
4,2018-10-20 22:17:16.493944,貴水,https://tabelog.com/hokkaido/A0101/A010103/1003640/
5,2018-10-20 22:17:16.496349,やきとんダイニング BALTON 南3条店,https://tabelog.com/hokkaido/A0101/A010103/1054820/
6,2018-10-20 22:17:16.499864,本気焼肉 肉とめし 肉寿司,https://tabelog.com/hokkaido/A0101/A010103/1058888/
7,2018-10-20 22:17:16.518644,産地直送 粋な居酒屋 あいよ ICC南3条店,https://tabelog.com/hokkaido/A0101/A010103/1054093/
8,2018-10-20 22:17:16.527009,スープカリー ヒリヒリオオドオリ,https://tabelog.com/hokkaido/A0101/A010102/1007888/
9,2018-10-20 22:17:16.533365,YOKUBALU すすきの店,https://tabelog.com/hokkaido/A0101/A010103/1058857/
10,2018-10-20 22:17:16.535241,元祖北海魚串 がりや,https://tabelog.com/hokkaido/A0101/A010103/1057390/
11,2018-10-20 22:17:16.537453,やきとり 奥義,https://tabelog.com/hokkaido/A0101/A010103/1005238/
12,2018-10-20 22:17:16.540053,ゾーイ カップケイクス アンドカフェ,https://tabelog.com/hokkaido/A0101/A010105/1050067/
13,2018-10-20 22:17:16.541878,浜焼きセンター カキ小屋,https://tabelog.com/hokkaido/A0101/A010105/1048444/
14,2018-10-20 22:17:16.544247,海鮮居酒屋 なむら,https://tabelog.com/hokkaido/A0101/A010103/1026329/
15,2018-10-20 22:17:16.546904,NUTS CAFE TRIP,https://tabelog.com/hokkaido/A0101/A010101/1000583/
16,2018-10-20 22:17:16.549207,炭焼とワイン 円山すだち,https://tabelog.com/hokkaido/A0101/A010105/1054171/
17,2018-10-20 22:17:16.551148,やきとり 志らく,https://tabelog.com/hokkaido/A0101/A010103/1057895/
18,2018-10-20 22:17:16.553269,ヴァンセット ケイ,https://tabelog.com/hokkaido/A0101/A010102/1055478/
19,2018-10-20 22:17:16.556318,〆の雑炊屋さん しめぞう,https://tabelog.com/hokkaido/A0101/A010103/1058077/
20,2018-10-20 22:17:27.761090,炭火焼肉 遊山亭,https://tabelog.com/hokkaido/A0101/A010302/1009825/
21,2018-10-20 22:17:27.764208,どさんこキッチンレトロなゴリラ,https://tabelog.com/hokkaido/A0101/A010103/1056286/
22,2018-10-20 22:17:27.766500,誠寿司 本店,https://tabelog.com/hokkaido/A0101/A010301/1013622/
23,2018-10-20 22:17:27.768482,GoBee,https://tabelog.com/hokkaido/A0101/A010201/1037703/
24,2018-10-20 22:17:27.772060,北海道海鮮居酒屋 いろりあん 大通本店,https://tabelog.com/hokkaido/A0101/A010102/1040456/
25,2018-10-20 22:17:27.774619,博多餃子舎 603 札幌駅前店,https://tabelog.com/hokkaido/A0101/A010101/1030383/
26,2018-10-20 22:17:27.776595,畑のしゃぶしゃぶ屋さん別邸 このはな,https://tabelog.com/hokkaido/A0101/A010103/1059524/
27,2018-10-20 22:17:27.779504,完全個室中華 北遊記,https://tabelog.com/hokkaido/A0101/A010103/1058592/
28,2018-10-20 22:17:27.781754,産地直送 粋な居酒屋 あいよ 北3条店,https://tabelog.com/hokkaido/A0101/A010101/1025777/
29,2018-10-20 22:17:27.786070,小皿中華のワインバル 悠龍,https://tabelog.com/hokkaido/A0101/A010103/1057111/
30,2018-10-20 22:17:27.791074,かすそば風土. 本店,https://tabelog.com/hokkaido/A0101/A010103/1010304/
31,2018-10-20 22:17:27.795432,トラットリア&カフェ プリモ,https://tabelog.com/hokkaido/A0101/A010102/1052239/
32,2018-10-20 22:17:27.798666,エビスバー 札幌アピア店,https://tabelog.com/hokkaido/A0101/A010101/1048280/
33,2018-10-20 22:17:27.801770,海鮮酒肴 おさるのこしかけ,https://tabelog.com/hokkaido/A0101/A010103/1056571/
34,2018-10-20 22:17:27.804407,旬の味 しょう,https://tabelog.com/hokkaido/A0101/A010102/1041653/
35,2018-10-20 22:17:27.806651,アジアンマーケット1980,https://tabelog.com/hokkaido/A0101/A010103/1038471/
36,2018-10-20 22:17:27.809227,辛麺 一門,https://tabelog.com/hokkaido/A0101/A010103/1058130/
37,2018-10-20 22:17:27.812182,鉄板焼 こたろう,https://tabelog.com/hokkaido/A0101/A010102/1053426/
38,2018-10-20 22:17:27.814496,炭焼きイタリアン酒場 炭リッチ 南4条店,https://tabelog.com/hokkaido/A0101/A010103/1043310/
39,2018-10-20 22:17:27.817309,Oyster&Steak DINER es 札幌駅店,https://tabelog.com/hokkaido/A0101/A010101/1038210/
